,날짜,종가,시가,고가,저가,거래량,변동 %
0,2024-03-14,4.0455,4.06,4.081,4.0175,0.0,-0.36
1,2024-03-13,4.06,3.9375,4.069,3.919,161600.0,3.26
2,2024-03-12,3.932,3.9315,3.952,3.902,81020.0,0.09
3,2024-03-11,3.9285,3.8935,3.932,3.8785,59150.0,0.95
4,2024-03-08,3.8915,3.9255,3.9465,3.8815,84130.0,-0.88
5,2024-03-07,3.926,3.8725,3.942,3.8695,87750.0,1.32
6,2024-03-06,3.875,3.8435,3.897,3.837,69940.0,0.73
7,2024-03-05,3.847,3.8575,3.8735,3.838,58910.0,-0.26
8,2024-03-04,3.857,3.8575,3.888,3.8435,60880.0,-0.12
9,2024-03-01,3.8615,3.847,3.873,3.818,63310.0,0.38
10,2024-02-29,3.847,3.839,3.8685,3.834,63450.0,0.17
11,2024-02-28,3.8405,3.854,3.8545,3.8215,58450.0,-0.01
12,2024-02-27,3.841,3.827,3.853,3.827,1100.0,0.41
13,2024-02-26,3.8255,3.8745,3.878,3.826,550.0,-1.68
14,2024-02-23,3.891,3.9055,3.9085,3.8565,510.0,-0.61
15,2024-02-22,3.915,3.8925,3.9165,3.878,63680.0,0.71
16,2024-02-21,3.8875,3.87,3.913,3.86,62640.0,0.31
17,2024-02-20,3.8755,3.833,3.879,3.8115,60950.0,1.69
18,2024-02-19,3.811,3.8167,3.8293,3.8033,0.0,-0.15
19,2024-02-18,3.8167,3.822,3.8222,3.8098,0.0,-0.9
20,2024-02-16,3.8515,3.7735,3.855,3.769,47150.0,2.09
21,2024-02-15,3.7725,3.721,3.7755,3.719,34880.0,1.96
22,2024-02-14,3.7,3.709,3.7255,3.6895,0.0,-0.3
23,2024-02-13,3.711,3.7215,3.7545,3.703,0.0,-0.35
24,2024-02-12,3.724,3.6895,3.726,3.667,0.0,1.15
25,2024-02-09,3.6815,3.708,3.713,3.655,0.0,-0.55
26,2024-02-08,3.702,3.7355,3.763,3.679,0.0,-0.9
27,2024-02-07,3.7355,3.784,3.795,3.7315,0.0,-1.26
28,2024-02-06,3.783,3.769,3.7973,3.7668,0.0,0.3
29,2024-02-05,3.7715,3.819,3.833,3.7635,0.0,-1.31
30,2024-02-02,3.8215,3.8545,3.8625,3.8165,0.0,-0.83
31,2024-02-01,3.8535,3.8965,3.8975,3.845,0.0,-1.34
32,2024-01-31,3.906,3.9135,3.947,3.8835,0.0,-0.13
33,2024-01-30,3.911,3.885,3.917,3.8605,0.0,0.82
34,2024-01-29,3.879,3.853,3.89,3.8275,0.0,0.7
35,2024-01-26,3.852,3.868,3.8865,3.845,0.0,-0.44
36,2024-01-25,3.869,3.8735,3.8935,3.8585,0.0,-0.44
37,2024-01-24,3.886,3.806,3.888,3.795,0.0,2.44
38,2024-01-23,3.7935,3.7485,3.8085,3.7475,0.0,0.8
39,2024-01-22,3.7635,3.7895,3.7915,3.744,0.0,-0.61
40,2024-01-19,3.7865,3.7565,3.792,3.743,0.0,1.11
41,2024-01-18,3.745,3.744,3.759,3.7145,0.0,0.32
42,2024-01-17,3.733,3.77,3.7705,3.7225,0.0,-0.89
43,2024-01-16,3.7665,3.745,3.79,3.744,0.0,-0.31
44,2024-01-15,3.7782,3.7508,3.7888,3.7468,0.0,0.74
45,2024-01-14,3.7503,3.7452,3.7513,3.7452,0.0,0.26
46,2024-01-12,3.7405,3.791,3.819,3.735,0.0,-0.95
47,2024-01-11,3.7765,3.787,3.824,3.7685,0.0,-0.12
48,2024-01-10,3.781,3.763,3.793,3.754,0.0,0.6
49,2024-01-09,3.7585,3.8235,3.8405,3.757,0.0,-1.35
50,2024-01-08,3.81,3.8075,3.833,3.7895,0.0,0.11
51,2024-01-05,3.806,3.8495,3.866,3.801,0.0,-0.99
52,2024-01-04,3.844,3.8745,3.8845,3.8175,0.0,-0.45
53,2024-01-03,3.8615,3.8715,3.879,3.831,0.0,-0.49
54,2024-01-02,3.8805,3.8955,3.912,3.861,0.0,-0.47
55,2024-01-01,3.8988,3.8915,3.8998,3.8915,0.0,0.19
56,2023-12-29,3.8915,3.9125,3.9352,3.8782,0.0,-0.84
57,2023-12-28,3.9245,3.956,3.967,3.913,0.0,-0.8
58,2023-12-27,3.956,3.902,3.9737,3.8992,0.0,1.38
59,2023-12-26,3.902,3.905,3.9435,3.897,38000.0,-0.16
60,2023-12-25,3.9082,3.901,3.9097,3.901,0.0,0.08
61,2023-12-22,3.905,3.925,3.9395,3.892,54140.0,-0.32
62,2023-12-21,3.9175,3.8845,3.9315,3.8795,70080.0,0.29
63,2023-12-20,3.906,3.9075,3.945,3.879,66320.0,0.21
64,2023-12-19,3.898,3.848,3.9305,3.841,84950.0,1.19
65,2023-12-18,3.852,3.883,3.8915,3.845,54990.0,-0.99
66,2023-12-15,3.8905,3.874,3.9165,3.8485,73670.0,-0.05
67,2023-12-14,3.8925,3.835,3.9095,3.827,107540.0,2.77
68,2023-12-13,3.7875,3.7925,3.8395,3.753,62860.0,0.0
69,2023-12-12,3.7875,3.785,3.8125,3.7665,69520.0,0.19
70,2023-12-11,3.7805,3.8305,3.836,3.7755,66610.0,-1.31
71,2023-12-08,3.8305,3.798,3.864,3.788,89400.0,0.87
72,2023-12-07,3.7975,3.7315,3.8005,3.7305,78530.0,1.69
73,2023-12-06,3.7345,3.786,3.8265,3.729,83430.0,-1.31
74,2023-12-05,3.784,3.827,3.841,3.77,96110.0,-1.34
75,2023-12-04,3.8355,3.9215,3.9265,3.8245,95060.0,-2.44
76,2023-12-01,3.9315,3.855,3.933,3.8425,106080.0,2.1
77,2023-11-30,3.8505,3.835,3.8565,3.8125,76490.0,0.65
78,2023-11-29,3.8255,3.85,3.8645,3.8135,76390.0,-0.08
79,2023-11-28,3.8285,3.793,3.8435,3.785,640.0,1.04
80,2023-11-27,3.789,3.823,3.823,3.786,200.0,-0.82
81,2023-11-24,3.8205,3.8185,3.8275,3.8,190.0,1.22
82,2023-11-23,3.7743,3.7647,3.7975,3.76,0.0,-0.6
83,2023-11-22,3.797,3.8245,3.8295,3.774,150.0,-1.11
84,2023-11-21,3.8395,3.831,3.8415,3.8245,120.0,0.16
85,2023-11-20,3.8335,3.7635,3.831,3.7635,310.0,2.65
86,2023-11-17,3.7345,3.6938,3.7435,3.6792,0.0,0.86
87,2023-11-16,3.7025,3.714,3.7425,3.6835,0.0,-0.43
88,2023-11-15,3.7185,3.677,3.725,3.668,85830.0,0.95
89,2023-11-14,3.6835,3.672,3.719,3.649,102760.0,0.48
90,2023-11-13,3.666,3.596,3.672,3.58,96820.0,2.2
91,2023-11-10,3.587,3.6325,3.6445,3.582,96130.0,-1.47
92,2023-11-09,3.6405,3.6385,3.662,3.6135,93670.0,0.07
93,2023-11-08,3.638,3.687,3.7035,3.6325,96580.0,-1.11
94,2023-11-07,3.679,3.712,3.7135,3.646,108310.0,-1.08
95,2023-11-06,3.719,3.675,3.7255,3.6665,84990.0,1.02
96,2023-11-03,3.6815,3.688,3.705,3.653,81350.0,0.25
97,2023-11-02,3.6725,3.6605,3.6925,3.6565,71370.0,0.64
98,2023-11-01,3.649,3.653,3.689,3.6335,83300.0,0.0
99,2023-10-31,3.649,3.655,3.6745,3.6315,72260.0,-0.26
100,2023-10-30,3.6585,3.6425,3.71,3.64,93450.0,0.34
101,2023-10-27,3.646,3.5935,3.6595,3.581,102140.0,1.72
102,2023-10-26,3.5845,3.589,3.6195,3.572,73830.0,-0.18
103,2023-10-25,3.591,3.6315,3.649,3.582,70330.0,-0.91
104,2023-10-24,3.624,3.5815,3.6395,3.5625,89810.0,1.05
105,2023-10-23,3.5865,3.559,3.5945,3.5195,83730.0,0.66
106,2023-10-20,3.563,3.585,3.59,3.5465,0.0,-1.06
107,2023-10-19,3.601,3.584,3.612,3.5665,66120.0,0.39
108,2023-10-18,3.587,3.59,3.6305,3.575,69580.0,0.24
109,2023-10-17,3.5785,3.5815,3.593,3.5315,86040.0,-0.1
110,2023-10-16,3.582,3.5705,3.6055,3.5635,57580.0,0.31
111,2023-10-13,3.571,3.587,3.6165,3.557,64950.0,-0.56
112,2023-10-12,3.591,3.6115,3.6485,3.5695,69710.0,-0.58
113,2023-10-11,3.612,3.631,3.664,3.5985,52510.0,-0.61
114,2023-10-10,3.634,3.656,3.6745,3.591,57840.0,-0.33
115,2023-10-09,3.646,3.6275,3.673,3.6135,64060.0,0.51
116,2023-10-06,3.6275,3.566,3.645,3.5515,89050.0,2.13
117,2023-10-05,3.552,3.583,3.603,3.549,58690.0,-1.03
118,2023-10-04,3.589,3.6185,3.622,3.549,76860.0,-0.88
119,2023-10-03,3.621,3.648,3.648,3.5815,69450.0,-0.56
120,2023-10-02,3.6415,3.754,3.7615,3.6275,74920.0,-2.57
121,2023-09-29,3.7375,3.7125,3.786,3.7115,82330.0,0.8
122,2023-09-28,3.708,3.6465,3.715,3.6255,73770.0,1.97
123,2023-09-27,3.6365,3.6465,3.6535,3.624,64250.0,-0.34
124,2023-09-26,3.649,3.673,3.6835,3.6275,65800.0,-0.57
125,2023-09-25,3.67,3.6955,3.7055,3.649,54420.0,-0.7
126,2023-09-22,3.696,3.691,3.741,3.6855,61880.0,0.0
127,2023-09-21,3.696,3.741,3.747,3.634,124290.0,-2.12
128,2023-09-20,3.776,3.752,3.7895,3.7385,50330.0,0.77
129,2023-09-19,3.747,3.78,3.781,3.728,61430.0,-0.85
130,2023-09-18,3.779,3.7975,3.823,3.7655,48800.0,-0.58
131,2023-09-15,3.801,3.8155,3.8515,3.7875,56100.0,-0.54
132,2023-09-14,3.8215,3.785,3.8425,3.778,66850.0,0.75
133,2023-09-13,3.793,3.791,3.8195,3.7705,53840.0,0.03
134,2023-09-12,3.792,3.803,3.8135,3.7745,44010.0,-0.39
135,2023-09-11,3.807,3.717,3.812,3.7125,66660.0,2.44
136,2023-09-08,3.7165,3.7605,3.7655,3.7115,66660.0,-1.21
137,2023-09-07,3.762,3.7905,3.793,3.739,69660.0,-0.63
138,2023-09-06,3.786,3.8375,3.8475,3.781,68210.0,-1.62
139,2023-09-05,3.8485,3.855,3.8725,3.794,87970.0,0.43
140,2023-09-04,3.832,3.854,3.8725,3.8163,0.0,-0.6
141,2023-09-03,3.855,3.8505,3.8567,3.8475,0.0,0.08
142,2023-09-01,3.852,3.833,3.9085,3.829,81640.0,0.78
143,2023-08-31,3.822,3.8385,3.8465,3.7985,52790.0,-0.57
144,2023-08-30,3.844,3.8395,3.8505,3.812,56860.0,0.38
145,2023-08-29,3.8295,3.793,3.8305,3.787,640.0,1.16
146,2023-08-28,3.7855,3.8165,3.8165,3.778,170.0,0.17
147,2023-08-25,3.779,3.789,3.817,3.77,290.0,-0.22
148,2023-08-24,3.7875,3.8255,3.8255,3.783,180.0,-1.12
149,2023-08-23,3.8305,3.7845,3.83,3.7845,180.0,1.27
150,2023-08-22,3.7825,3.76,3.8,3.7545,110.0,0.96
151,2023-08-21,3.7465,3.75,3.756,3.7185,90.0,1.09
152,2023-08-18,3.706,3.688,3.7215,3.6645,54520.0,0.39
153,2023-08-17,3.6915,3.6475,3.7195,3.627,73410.0,0.93
154,2023-08-16,3.6575,3.66,3.694,3.642,69280.0,-0.27
155,2023-08-15,3.6675,3.727,3.749,3.656,83180.0,-1.56
156,2023-08-14,3.7255,3.7185,3.742,3.687,73510.0,0.17
157,2023-08-11,3.719,3.755,3.7675,3.695,95100.0,-1.22
158,2023-08-10,3.765,3.7875,3.8315,3.7465,81240.0,-0.49
159,2023-08-09,3.7835,3.7795,3.827,3.7635,85710.0,0.45
160,2023-08-08,3.7665,3.842,3.842,3.7265,138600.0,-1.79
161,2023-08-07,3.835,3.852,3.877,3.825,70870.0,-0.84
162,2023-08-04,3.8675,3.8995,3.928,3.8255,79910.0,-0.82
163,2023-08-03,3.8995,3.8445,3.904,3.8205,81960.0,1.46
164,2023-08-02,3.8435,3.91,3.921,3.834,89270.0,-1.66
165,2023-08-01,3.9085,4.0155,4.024,3.904,109740.0,-2.48
166,2023-07-31,4.008,3.93,4.017,3.908,115170.0,2.08
167,2023-07-28,3.9265,3.848,3.934,3.844,60860.0,1.32
168,2023-07-27,3.8755,3.905,3.9435,3.838,76400.0,-0.68
169,2023-07-26,3.902,3.9265,3.9265,3.8765,65160.0,-0.34
170,2023-07-25,3.9155,3.8485,3.9415,3.8445,85940.0,1.56
171,2023-07-24,3.8555,3.8185,3.8605,3.782,0.0,0.98
172,2023-07-21,3.818,3.828,3.874,3.809,0.0,-0.43
173,2023-07-20,3.8345,3.8155,3.8885,3.811,69440.0,0.54
174,2023-07-19,3.814,3.833,3.8385,3.781,55190.0,-0.4
175,2023-07-18,3.8295,3.843,3.8545,3.803,61150.0,-0.38
176,2023-07-17,3.844,3.927,3.927,3.8115,79080.0,-2.26
177,2023-07-14,3.933,3.953,3.954,3.9035,78200.0,-0.18
178,2023-07-13,3.94,3.854,3.953,3.842,103640.0,2.26
179,2023-07-12,3.853,3.7725,3.8605,3.7665,77860.0,2.31
180,2023-07-11,3.766,3.789,3.8225,3.752,64230.0,-0.49
181,2023-07-10,3.7845,3.782,3.799,3.7425,46990.0,0.07
182,2023-07-07,3.782,3.7425,3.7875,3.7255,52200.0,1.27
183,2023-07-06,3.7345,3.7615,3.776,3.7225,60470.0,-0.9
184,2023-07-05,3.7685,3.7935,3.8095,3.7325,70900.0,-0.42
185,2023-07-04,3.7843,3.7915,3.8093,3.775,0.0,-0.26
186,2023-07-03,3.794,3.7655,3.8075,3.7595,48350.0,0.92
187,2023-06-30,3.7595,3.6995,3.7705,3.6945,58630.0,1.64
188,2023-06-29,3.699,3.729,3.752,3.683,75090.0,-1.16
189,2023-06-28,3.7425,3.79,3.8,3.718,58610.0,-1.21
190,2023-06-27,3.7885,3.8005,3.8465,3.7775,51670.0,-0.42
191,2023-06-26,3.8045,3.8205,3.8495,3.785,51830.0,-0.29
192,2023-06-23,3.8155,3.9005,3.9015,3.7975,44540.0,-2.18
193,2023-06-22,3.9005,3.9045,3.964,3.8845,43050.0,-0.26
194,2023-06-21,3.9105,3.8925,3.92,3.8535,46040.0,0.44
195,2023-06-20,3.8935,3.887,3.907,3.849,43540.0,0.76
196,2023-06-19,3.8643,3.8723,3.8878,3.8518,0.0,-0.25
197,2023-06-18,3.8738,3.8883,3.895,3.8725,0.0,-0.63
198,2023-06-16,3.8985,3.8945,3.9295,3.887,31740.0,-0.14
199,2023-06-15,3.904,3.866,3.9055,3.819,37030.0,0.88
200,2023-06-14,3.87,3.8285,3.874,3.798,89720.0,1.02
201,2023-06-13,3.831,3.753,3.864,3.745,115300.0,2.11
202,2023-06-12,3.752,3.7715,3.778,3.735,78650.0,-0.98
203,2023-06-09,3.789,3.7875,3.8335,3.7695,84550.0,-0.16
204,2023-06-08,3.795,3.7535,3.797,3.7345,87850.0,1.04
205,2023-06-07,3.756,3.7665,3.8115,3.741,95210.0,-0.33
206,2023-06-06,3.7685,3.7625,3.78,3.718,62020.0,0.01
207,2023-06-05,3.768,3.728,3.7845,3.686,80760.0,1.09
208,2023-06-02,3.7275,3.7125,3.789,3.6925,82610.0,0.44
209,2023-06-01,3.711,3.667,3.7315,3.645,85920.0,2.03
210,2023-05-31,3.637,3.662,3.6715,3.622,66580.0,-0.71
211,2023-05-30,3.663,3.682,3.711,3.627,88100.0,-0.24
212,2023-05-29,3.6717,3.6742,3.7105,3.6582,0.0,-0.09
213,2023-05-28,3.675,3.6715,3.6875,3.6715,0.0,-0.01
214,2023-05-26,3.6755,3.589,3.675,3.583,660.0,2.6
215,2023-05-25,3.5825,3.557,3.607,3.5405,930.0,0.59
216,2023-05-24,3.5615,3.6405,3.6475,3.545,102900.0,-2.54
217,2023-05-23,3.6545,3.6805,3.705,3.622,69190.0,-0.83
218,2023-05-22,3.685,3.7275,3.7375,3.6675,55950.0,-1.26
219,2023-05-19,3.732,3.6975,3.7675,3.6765,59320.0,1.15
220,2023-05-18,3.6895,3.746,3.7645,3.6805,60350.0,-1.73
221,2023-05-17,3.7545,3.662,3.774,3.6525,82450.0,2.39
222,2023-05-16,3.667,3.743,3.7545,3.657,74940.0,-2.24
223,2023-05-15,3.751,3.7235,3.779,3.7005,59890.0,0.6
224,2023-05-12,3.7285,3.701,3.7515,3.677,0.0,0.5
225,2023-05-11,3.71,3.852,3.8555,3.684,0.0,-3.41
226,2023-05-10,3.841,3.9035,3.9185,3.8285,0.0,-1.55
227,2023-05-09,3.9015,3.924,3.924,3.881,46220.0,-0.71
228,2023-05-08,3.9295,3.8925,3.9595,3.8765,40070.0,1.2
229,2023-05-05,3.883,3.861,3.906,3.825,59640.0,0.52
230,2023-05-04,3.863,3.855,3.9075,3.826,68250.0,0.47
231,2023-05-03,3.845,3.8685,3.872,3.83,51300.0,-0.45
232,2023-05-02,3.8625,3.9355,3.953,3.857,57600.0,-1.82
233,2023-05-01,3.934,3.895,4.005,3.8705,59060.0,1.12
234,2023-04-28,3.8905,3.891,3.9185,3.857,58930.0,0.17
235,2023-04-27,3.884,3.857,3.9,3.8165,81380.0,0.58
236,2023-04-26,3.8615,3.866,3.9095,3.85,73080.0,-0.09
237,2023-04-25,3.865,3.9735,3.985,3.8515,83030.0,-2.51
238,2023-04-24,3.9645,3.99,4.0055,3.96,45580.0,-0.55
239,2023-04-21,3.9865,4.0275,4.0395,3.9825,38860.0,-1.14
240,2023-04-20,4.0325,4.076,4.083,4.016,31530.0,-1.19
241,2023-04-19,4.081,4.0935,4.0975,4.031,28540.0,-0.38
242,2023-04-18,4.0965,4.0785,4.109,4.065,24780.0,0.75
243,2023-04-17,4.066,4.112,4.133,4.058,62390.0,-0.99
244,2023-04-14,4.1065,4.1285,4.1955,4.095,101540.0,-0.42
245,2023-04-13,4.124,4.07,4.143,4.0535,92480.0,1.05
246,2023-04-12,4.081,4.0295,4.088,3.984,93030.0,1.53
247,2023-04-11,4.0195,3.987,4.054,3.978,85660.0,1.08
248,2023-04-10,3.9765,4.018,4.0395,3.963,56660.0,-0.97
249,2023-04-06,4.0155,3.9825,4.0315,3.971,87260.0,0.73
250,2023-04-05,3.9865,3.974,3.996,3.926,68500.0,0.39
251,2023-04-04,3.971,4.053,4.0715,3.9445,82160.0,-1.84
252,2023-04-03,4.0455,4.091,4.0975,4.0345,64130.0,-1.2
253,2023-03-31,4.0945,4.112,4.1175,4.0215,75930.0,0.07
254,2023-03-30,4.0915,4.0815,4.1345,4.0585,69860.0,0.12
255,2023-03-29,4.0865,4.0765,4.1335,4.0495,74240.0,0.02
256,2023-03-28,4.0855,4.097,4.113,4.059,77250.0,0.17
257,2023-03-27,4.0785,4.075,4.102,4.0235,67620.0,0.09
258,2023-03-24,4.075,4.1015,4.1485,4.0505,85510.0,-1.18
259,2023-03-23,4.1235,4.043,4.1265,4.0225,79530.0,1.95
260,2023-03-22,4.0445,4.0015,4.1075,3.9715,78060.0,1.26
261,2023-03-21,3.994,3.9555,4.0345,3.9285,69310.0,1.08
262,2023-03-20,3.9515,3.9085,3.97,3.855,73790.0,1.52
263,2023-03-17,3.8925,3.8765,3.9525,3.87,72130.0,0.72
264,2023-03-16,3.8645,3.8835,3.903,3.822,85380.0,0.56
265,2023-03-15,3.843,4.005,4.0275,3.84,131410.0,-4.0
266,2023-03-14,4.003,4.042,4.0525,3.982,71160.0,-1.25
267,2023-03-13,4.0535,4.0075,4.0775,3.9215,133480.0,0.57
268,2023-03-10,4.0305,4.007,4.0635,3.967,84980.0,-0.21
269,2023-03-09,4.039,4.027,4.055,3.9955,54530.0,0.3
270,2023-03-08,4.027,3.9675,4.0725,3.961,79040.0,1.31
271,2023-03-07,3.975,4.075,4.095,3.963,77400.0,-2.78
272,2023-03-06,4.0885,4.065,4.093,4.0085,63750.0,0.53
273,2023-03-03,4.067,4.0745,4.1175,4.0605,0.0,-0.22
274,2023-03-02,4.076,4.1685,4.174,4.047,0.0,-2.02
275,2023-03-01,4.16,4.0745,4.1745,4.065,87330.0,1.72
276,2023-02-28,4.0895,4.01,4.0945,3.9915,71440.0,1.96
277,2023-02-27,4.011,3.96,4.024,3.937,83880.0,1.49
278,2023-02-24,3.952,4.0555,4.0765,3.9465,0.0,-2.64
279,2023-02-23,4.059,4.179,4.1885,4.039,73180.0,-3.14
280,2023-02-22,4.1905,4.214,4.224,4.1485,70160.0,-0.83
281,2023-02-21,4.2255,4.126,4.237,4.1015,126190.0,1.07
282,2023-02-20,4.1807,4.1195,4.198,4.102,0.0,1.49
283,2023-02-19,4.1195,4.1288,4.1305,4.1178,0.0,0.27
284,2023-02-17,4.1085,4.1195,4.1335,4.059,68600.0,-0.65
285,2023-02-16,4.1355,4.0245,4.1465,4.0185,108490.0,3.12
286,2023-02-15,4.0105,4.0875,4.091,3.9785,103170.0,-1.58
287,2023-02-14,4.075,4.059,4.111,4.0255,93920.0,0.43
288,2023-02-13,4.0575,4.0185,4.0685,3.9935,74430.0,1.02
289,2023-02-10,4.0165,4.0745,4.0825,4.005,86480.0,-1.96
290,2023-02-09,4.097,4.0475,4.1205,4.0395,96580.0,1.52
291,2023-02-08,4.0355,4.07,4.1165,4.016,85500.0,-1.1
292,2023-02-07,4.0805,4.038,4.0865,4.0025,90920.0,1.13
293,2023-02-06,4.035,4.0415,4.074,3.993,75840.0,-0.53
294,2023-02-03,4.0565,4.091,4.136,4.0305,91470.0,-0.84
295,2023-02-02,4.091,4.1815,4.1995,4.078,82560.0,-0.49
296,2023-02-01,4.111,4.2235,4.225,4.1025,88150.0,-2.72
297,2023-01-31,4.226,4.1845,4.2315,4.1185,86170.0,0.57
298,2023-01-30,4.202,4.23,4.249,4.168,63120.0,-0.49
299,2023-01-27,4.2225,4.282,4.287,4.172,63410.0,-1.05
300,2023-01-26,4.2675,4.2645,4.29,4.2325,58230.0,0.54
301,2023-01-25,4.2445,4.2645,4.2735,4.211,51110.0,-0.09
302,2023-01-24,4.2485,4.259,4.2825,4.2155,51170.0,-0.19
303,2023-01-23,4.2565,4.2795,4.3025,4.226,57180.0,0.12
304,2023-01-20,4.2515,4.245,4.2795,4.2065,59750.0,0.47
305,2023-01-19,4.2315,4.2265,4.2685,4.168,78540.0,-0.07
306,2023-01-18,4.2345,4.2335,4.355,4.205,104620.0,0.27
307,2023-01-17,4.223,4.2105,4.2445,4.1105,113110.0,1.92
308,2023-01-16,4.1433,4.2062,4.2105,4.1382,0.0,-1.49
309,2023-01-15,4.206,4.2198,4.2198,4.2058,0.0,-0.24
310,2023-01-13,4.216,4.173,4.2225,4.1285,69520.0,0.46
311,2023-01-12,4.1965,4.1755,4.2115,4.1295,96270.0,0.73
312,2023-01-11,4.166,4.08,4.185,4.0655,88480.0,2.17
313,2023-01-10,4.0775,4.012,4.0835,3.9875,72220.0,1.27
314,2023-01-09,4.0265,3.9235,4.0445,3.9235,102470.0,2.95
315,2023-01-06,3.911,3.8255,3.93,3.7985,96750.0,2.36
316,2023-01-05,3.821,3.7405,3.842,3.7215,76730.0,2.15
317,2023-01-04,3.7405,3.771,3.807,3.7085,80270.0,-0.69
318,2023-01-03,3.7665,3.8355,3.8715,3.7585,83900.0,-1.92
319,2023-01-02,3.8403,3.8192,3.848,3.8185,0.0,0.72
320,2022-12-30,3.813,3.8135,3.815,3.8135,10.0,-0.35
321,2022-12-29,3.8265,3.836,3.836,3.825,40.0,-0.42
322,2022-12-28,3.8425,3.849,3.873,3.821,42610.0,0.05
323,2022-12-27,3.8405,3.84,3.9415,3.832,48120.0,-0.44
324,2022-12-26,3.8575,3.8125,3.8675,3.8125,0.0,1.27
325,2022-12-23,3.809,3.7645,3.817,3.761,38560.0,1.38
326,2022-12-22,3.757,3.818,3.849,3.7495,44390.0,-1.39
327,2022-12-21,3.81,3.807,3.8285,3.789,39350.0,0.29
328,2022-12-20,3.799,3.761,3.8305,3.723,55300.0,0.42
329,2022-12-19,3.783,3.7695,3.8245,3.7495,38270.0,0.57
330,2022-12-16,3.7615,3.776,3.805,3.733,46140.0,-0.04
331,2022-12-15,3.763,3.8635,3.8675,3.757,60790.0,-2.97
332,2022-12-14,3.878,3.8455,3.892,3.823,50210.0,0.94
333,2022-12-13,3.842,3.808,3.929,3.8035,69130.0,1.09
334,2022-12-12,3.8005,3.8595,3.8595,3.786,45290.0,-2.01
335,2022-12-09,3.8785,3.8815,3.9245,3.846,51880.0,-0.13
336,2022-12-08,3.8835,3.8435,3.9125,3.833,50540.0,0.6
337,2022-12-07,3.8605,3.821,3.874,3.775,52670.0,1.11
338,2022-12-06,3.818,3.7915,3.8635,3.7845,53100.0,0.61
339,2022-12-05,3.795,3.853,3.8945,3.773,58790.0,-1.44
340,2022-12-02,3.8505,3.7975,3.865,3.7445,59970.0,0.86
341,2022-12-01,3.8175,3.782,3.8225,3.735,59940.0,2.13
342,2022-11-30,3.738,3.644,3.7925,3.634,81150.0,2.71
343,2022-11-29,3.6395,3.6015,3.6845,3.5955,55240.0,0.64
344,2022-11-28,3.6165,3.591,3.6195,3.5575,460.0,-0.45
345,2022-11-25,3.633,3.6545,3.658,3.622,180.0,-0.18
346,2022-11-24,3.6395,3.6472,3.671,3.624,0.0,0.54
347,2022-11-23,3.62,3.6225,3.6315,3.604,210.0,0.1
348,2022-11-22,3.6165,3.595,3.665,3.59,250.0,1.13
349,2022-11-21,3.576,3.65,3.655,3.556,32410.0,-1.8
350,2022-11-18,3.6415,3.692,3.715,3.637,28320.0,-1.42
351,2022-11-17,3.694,3.757,3.7765,3.673,24880.0,-2.11
352,2022-11-16,3.7735,3.811,3.821,3.7495,27930.0,-1.2
353,2022-11-15,3.8195,3.8325,3.882,3.7945,39810.0,-0.21
354,2022-11-14,3.8275,3.9225,3.947,3.8055,38110.0,-1.88
355,2022-11-11,3.901,3.765,3.932,3.7535,47700.0,4.04
356,2022-11-10,3.7495,3.668,3.7795,3.6225,36790.0,1.58
357,2022-11-09,3.691,3.6605,3.733,3.6215,42770.0,0.41
358,2022-11-08,3.676,3.5975,3.691,3.5625,38610.0,2.1
359,2022-11-07,3.6005,3.635,3.65,3.574,32980.0,-1.99
360,2022-11-04,3.6735,3.4135,3.695,3.409,45210.0,7.52
361,2022-11-03,3.4165,3.423,3.4505,3.3675,29770.0,-1.1
362,2022-11-02,3.4545,3.448,3.5015,3.42,20270.0,-0.07
363,2022-11-01,3.457,3.362,3.4835,3.361,14760.0,2.96
364,2022-10-31,3.3575,3.409,3.428,3.348,15270.0,-1.64
365,2022-10-28,3.4135,3.5125,3.5125,3.403,15710.0,-2.54
366,2022-10-27,3.5025,3.518,3.5365,3.4735,15230.0,-0.62
367,2022-10-26,3.5245,3.391,3.5325,3.371,21530.0,4.14
368,2022-10-25,3.3845,3.416,3.425,3.351,12760.0,-0.95
369,2022-10-24,3.417,3.47,3.4855,3.403,14290.0,-1.14
370,2022-10-21,3.4565,3.386,3.463,3.3365,19940.0,1.62
371,2022-10-20,3.4015,3.3185,3.426,3.298,15870.0,2.73
372,2022-10-19,3.311,3.3495,3.3665,3.301,13420.0,-1.19
373,2022-10-18,3.351,3.3985,3.4205,3.328,13630.0,-1.47
374,2022-10-17,3.401,3.394,3.45,3.375,9660.0,-0.1
375,2022-10-14,3.4045,3.443,3.48,3.384,10900.0,-0.54
376,2022-10-13,3.423,3.4095,3.4595,3.3375,9770.0,0.44
377,2022-10-12,3.408,3.4075,3.4475,3.383,8700.0,-1.09
378,2022-10-11,3.4455,3.415,3.456,3.3685,8110.0,1.0
379,2022-10-10,3.4115,3.3615,3.455,3.356,8920.0,1.28
380,2022-10-07,3.3685,3.4205,3.4325,3.356,10200.0,-1.76
381,2022-10-06,3.429,3.485,3.568,3.414,10420.0,-1.55
382,2022-10-05,3.483,3.478,3.5315,3.4285,8660.0,0.36
383,2022-10-04,3.4705,3.4015,3.511,3.3865,10440.0,2.33
384,2022-10-03,3.3915,3.3765,3.404,3.3355,8130.0,-0.07
385,2022-09-30,3.394,3.4135,3.455,3.372,9960.0,-0.26
386,2022-09-29,3.403,3.369,3.419,3.297,8690.0,1.67
387,2022-09-28,3.347,3.2845,3.378,3.237,8420.0,2.18
388,2022-09-27,3.2755,3.2865,3.3425,3.261,6290.0,-0.3
389,2022-09-26,3.2855,3.3435,3.3565,3.269,8610.0,-1.54
390,2022-09-23,3.337,3.4555,3.462,3.3225,11230.0,-3.6
391,2022-09-22,3.4615,3.431,3.51,3.4135,5360.0,0.09
392,2022-09-21,3.4585,3.49,3.506,3.396,7530.0,-1.06
393,2022-09-20,3.4955,3.522,3.538,3.476,6500.0,-0.26
394,2022-09-19,3.5045,3.538,3.5435,3.4665,5870.0,-0.01
395,2022-09-16,3.505,3.453,3.5295,3.4195,6990.0,0.72
396,2022-09-15,3.48,3.509,3.5445,3.4575,6620.0,-0.95
397,2022-09-14,3.5135,3.524,3.5495,3.4965,7530.0,-0.97
398,2022-09-13,3.548,3.6075,3.681,3.5155,10160.0,-1.53
399,2022-09-12,3.603,3.5565,3.615,3.526,6330.0,1.17
400,2022-09-09,3.5615,3.5485,3.618,3.53,5040.0,1.12
401,2022-09-08,3.522,3.444,3.55,3.439,7240.0,2.79
402,2022-09-07,3.4265,3.453,3.461,3.402,4310.0,-0.94
403,2022-09-06,3.459,3.3955,3.4945,3.3615,7300.0,0.16
404,2022-09-05,3.4535,3.3887,3.466,3.3857,0.0,1.91
405,2022-09-04,3.3887,3.395,3.4,3.3613,0.0,-0.6
406,2022-09-02,3.409,3.4075,3.4515,3.3805,4850.0,0.12
407,2022-09-01,3.405,3.5155,3.5155,3.402,6880.0,-3.18
408,2022-08-31,3.517,3.559,3.601,3.45,7330.0,-1.1
409,2022-08-30,3.556,3.61,3.6365,3.5415,6690.0,-1.6
410,2022-08-29,3.614,3.7015,3.7015,3.5665,3440.0,-2.28
411,2022-08-26,3.6985,3.6935,3.779,3.685,3540.0,0.05
412,2022-08-25,3.6965,3.6455,3.709,3.64,4340.0,1.25
413,2022-08-24,3.651,3.678,3.6945,3.6285,5260.0,-1.11
414,2022-08-23,3.692,3.6615,3.721,3.64,6440.0,0.97
415,2022-08-22,3.6565,3.672,3.7,3.6115,5280.0,-0.54
416,2022-08-19,3.6765,3.6535,3.6825,3.6185,3750.0,0.99
417,2022-08-18,3.6405,3.5815,3.672,3.56,7070.0,1.22
418,2022-08-17,3.5965,3.6355,3.6615,3.5875,2950.0,-1.13
419,2022-08-16,3.6375,3.6195,3.654,3.607,3430.0,0.1
420,2022-08-15,3.634,3.679,3.6875,3.5715,3710.0,-1.4
421,2022-08-12,3.6855,3.7,3.727,3.66,2900.0,-0.97
422,2022-08-11,3.7215,3.6545,3.723,3.6545,4290.0,1.5
423,2022-08-10,3.6665,3.6095,3.672,3.5735,4480.0,1.66
424,2022-08-09,3.6065,3.611,3.644,3.5935,4030.0,0.0
425,2022-08-08,3.6065,3.56,3.64,3.559,4910.0,0.88
426,2022-08-05,3.575,3.527,3.6025,3.51,4920.0,2.06
427,2022-08-04,3.503,3.492,3.5275,3.444,3530.0,0.53
428,2022-08-03,3.4845,3.489,3.539,3.467,3220.0,-1.39
429,2022-08-02,3.5335,3.5475,3.555,3.473,3490.0,-0.72
430,2022-08-01,3.559,3.567,3.5925,3.5305,3380.0,-0.79
431,2022-07-29,3.5875,3.5235,3.607,3.4895,3050.0,2.59
432,2022-07-28,3.497,3.4935,3.5395,3.4735,3160.0,1.39
433,2022-07-27,3.449,3.404,3.493,3.39,2840.0,1.25
434,2022-07-26,3.4065,3.388,3.4775,3.388,2020.0,0.93
435,2022-07-25,3.375,3.348,3.4035,3.334,3380.0,0.43
436,2022-07-22,3.3605,3.318,3.4005,3.318,1980.0,1.51
437,2022-07-21,3.3105,3.327,3.327,3.2685,2080.0,-0.87
438,2022-07-20,3.3395,3.351,3.38,3.316,1400.0,1.06
439,2022-07-19,3.3045,3.318,3.318,3.266,1290.0,-1.58
440,2022-07-18,3.3575,3.259,3.3815,3.2265,2290.0,3.55
441,2022-07-15,3.2425,3.2375,3.2705,3.1425,2440.0,0.92
442,2022-07-14,3.213,3.317,3.32,3.1885,2880.0,-3.4
443,2022-07-13,3.326,3.25,3.342,3.2275,2470.0,1.06
444,2022-07-12,3.291,3.4185,3.4495,3.258,2470.0,-4.08
445,2022-07-11,3.431,3.456,3.4925,3.399,1490.0,-2.74
446,2022-07-08,3.5275,3.54,3.5645,3.454,1390.0,-1.38
447,2022-07-07,3.577,3.41,3.5795,3.404,2670.0,4.82
448,2022-07-06,3.4125,3.453,3.465,3.3085,3750.0,-0.52
449,2022-07-05,3.4305,3.598,3.6295,3.42,2110.0,-4.28
450,2022-07-04,3.584,3.6117,3.6172,3.5457,0.0,-0.76
451,2022-07-03,3.6115,3.612,3.6235,3.608,0.0,-0.23
452,2022-07-01,3.62,3.7045,3.706,3.58,1940.0,-2.94
453,2022-06-30,3.7295,3.785,3.785,3.695,1410.0,-1.82
454,2022-06-29,3.7985,3.752,3.8325,3.73,670.0,0.05
455,2022-06-28,3.7965,3.8495,3.864,3.769,730.0,0.37
456,2022-06-27,3.7825,3.8015,3.822,3.7675,830.0,0.45
457,2022-06-24,3.7655,3.7815,3.8075,3.6855,1690.0,-0.13
458,2022-06-23,3.7705,3.904,3.926,3.762,870.0,-4.95
459,2022-06-22,3.967,3.9925,3.9925,3.91,1720.0,-2.31
460,2022-06-21,4.061,4.0315,4.0915,3.989,1190.0,1.25
461,2022-06-20,4.011,4.0385,4.0385,3.946,0.0,-0.66
462,2022-06-19,4.0375,4.0228,4.04,4.018,0.0,-0.19
463,2022-06-17,4.045,4.1285,4.146,4.03,880.0,-2.32
464,2022-06-16,4.141,4.153,4.153,4.0865,1330.0,-1.29
465,2022-06-15,4.195,4.215,4.225,4.15,1130.0,0.12
466,2022-06-14,4.19,4.243,4.243,4.168,1230.0,-1.05
467,2022-06-13,4.2345,4.26,4.277,4.2055,1130.0,-1.93
468,2022-06-10,4.318,4.362,4.3925,4.302,1340.0,-1.77
469,2022-06-09,4.396,4.423,4.433,4.38,1030.0,-1.41
470,2022-06-08,4.459,4.4295,4.4595,4.4265,600.0,0.13
471,2022-06-07,4.453,4.423,4.455,4.3925,1620.0,0.0
472,2022-06-06,4.453,4.443,4.465,4.435,2640.0,-0.98
473,2022-06-03,4.497,4.5595,4.56,4.494,330.0,-1.6
474,2022-06-02,4.57,4.334,4.5765,4.334,570.0,5.12
475,2022-06-01,4.3475,4.3155,4.3645,4.304,750.0,0.67
476,2022-05-31,4.3185,4.3555,4.36,4.308,1170.0,-0.36
477,2022-05-30,4.334,4.3225,4.3595,4.3098,0.0,0.25
478,2022-05-29,4.3232,4.3215,4.326,4.317,0.0,-0.19
479,2022-05-27,4.3315,4.3205,4.3465,4.3035,390.0,1.11
480,2022-05-26,4.284,4.268,4.2875,4.268,480.0,0.12
481,2022-05-25,4.279,4.292,4.293,4.2705,1020.0,-0.98
482,2022-05-24,4.3215,4.339,4.339,4.2985,570.0,-0.78
483,2022-05-23,4.3555,4.334,4.3605,4.3325,610.0,1.59
484,2022-05-20,4.2875,4.318,4.319,4.2705,380.0,-0.06
485,2022-05-19,4.29,4.2265,4.3,4.2235,790.0,2.3
486,2022-05-18,4.1935,4.221,4.23,4.172,650.0,-1.42
487,2022-05-17,4.254,4.248,4.2905,4.228,430.0,1.07
488,2022-05-16,4.209,4.2,4.2155,4.172,700.0,0.32
489,2022-05-13,4.1955,4.145,4.1965,4.106,350.0,1.67
490,2022-05-12,4.1265,4.204,4.204,4.07,1060.0,-2.53
491,2022-05-11,4.2335,4.2545,4.274,4.2055,940.0,1.17
492,2022-05-10,4.1845,4.262,4.262,4.16,1020.0,-0.89
493,2022-05-09,4.222,4.26,4.26,4.1625,1040.0,-1.67
494,2022-05-06,4.2935,4.329,4.329,4.2795,650.0,-0.36
495,2022-05-05,4.309,4.431,4.431,4.3,370.0,-1.01
496,2022-05-04,4.353,4.3305,4.3905,4.29,600.0,1.17
497,2022-05-03,4.3025,4.3385,4.3425,4.2885,320.0,0.43
498,2022-05-02,4.284,4.4065,4.4065,4.2365,360.0,-3.18
499,2022-04-29,4.4245,4.438,4.454,4.4,540.0,-0.7
500,2022-04-28,4.4555,4.476,4.477,4.4115,340.0,-0.96
501,2022-04-27,4.4985,4.5085,4.5085,4.4725,600.0,0.21
502,2022-04-26,4.489,4.517,4.517,4.45,290.0,-0.19
503,2022-04-25,4.4975,4.55,4.557,4.48,460.0,-2.73
504,2022-04-22,4.6235,4.675,4.683,4.6195,420.0,-2.33
505,2022-04-21,4.734,4.7035,4.734,4.7035,460.0,1.01
506,2022-04-20,4.6865,4.68,4.687,4.673,350.0,-1.19
507,2022-04-19,4.743,4.7245,4.7245,4.72,230.0,-1.59
508,2022-04-18,4.8195,4.7165,4.8255,4.7165,120.0,2.1
509,2022-04-15,4.7205,4.7205,4.7205,4.7205,0.0,-0.34
510,2022-04-14,4.7365,4.713,4.735,4.713,220.0,0.1
511,2022-04-13,4.732,4.702,4.71,4.702,210.0,-0.1
512,2022-04-12,4.7365,4.684,4.746,4.684,520.0,1.75
513,2022-04-11,4.655,4.69,4.726,4.655,230.0,-1.72
514,2022-04-08,4.7365,4.75,4.75,4.736,240.0,0.69
515,2022-04-07,4.704,4.7165,4.7185,4.7075,100.0,-0.62
516,2022-04-06,4.7335,4.7405,4.781,4.7045,110.0,-1.15
517,2022-04-05,4.7885,4.81,4.81,4.81,140.0,0.46
518,2022-04-04,4.7665,4.6985,4.759,4.6985,120.0,1.88
519,2022-04-01,4.6785,4.69,4.697,4.6865,30.0,-1.26
520,2022-03-31,4.738,4.7335,4.734,4.7155,40.0,0.11
521,2022-03-30,4.733,4.79,4.79,4.717,40.0,0.47
522,2022-03-29,4.711,4.725,4.725,4.688,40.0,-0.02
523,2022-03-28,4.712,4.696,4.739,4.642,30.0,0.57
524,2022-03-25,4.6855,4.689,4.689,4.685,40.0,-0.86
525,2022-03-24,4.726,4.776,4.8175,4.7085,140.0,-0.49
526,2022-03-23,4.7495,4.73,4.73,4.73,80.0,1.47
527,2022-03-22,4.6805,4.687,4.687,4.687,20.0,-0.17
528,2022-03-21,4.6885,4.64,4.64,4.64,30.0,-1.08
529,2022-03-18,4.7395,4.702,4.76,4.673,39260.0,0.8
530,2022-03-17,4.702,4.621,4.717,4.6105,45490.0,2.21
531,2022-03-16,4.6005,4.501,4.6405,4.4985,46020.0,1.94
532,2022-03-15,4.513,4.5155,4.543,4.4685,47630.0,-0.22
533,2022-03-14,4.523,4.598,4.6155,4.496,50650.0,-2.22
534,2022-03-11,4.6255,4.6335,4.724,4.5945,40580.0,-0.58
535,2022-03-10,4.6525,4.5965,4.6785,4.574,45460.0,1.75
536,2022-03-09,4.5725,4.7105,4.7885,4.553,60810.0,-2.92
537,2022-03-08,4.71,4.745,4.967,4.603,89600.0,-0.44
538,2022-03-07,4.731,4.92,5.0395,4.668,96670.0,-4.18
539,2022-03-04,4.9375,4.7825,4.949,4.751,97430.0,3.26
540,2022-03-03,4.7815,4.671,4.7985,4.6615,91700.0,2.49
541,2022-03-02,4.6655,4.571,4.705,4.5525,79620.0,1.5
542,2022-03-01,4.5965,4.506,4.602,4.492,69000.0,3.19
543,2022-02-28,4.4545,4.4925,4.532,4.45,59500.0,-0.68
544,2022-02-25,4.485,4.5075,4.5285,4.456,57820.0,0.61
545,2022-02-24,4.458,4.4685,4.5835,4.4465,880.0,-0.61
546,2022-02-23,4.4855,4.517,4.5355,4.455,1120.0,-0.64
547,2022-02-22,4.5145,4.513,4.547,4.478,1430.0,0.76
548,2022-02-21,4.4805,4.5205,4.544,4.4675,0.0,-0.88
549,2022-02-20,4.5205,4.5165,4.5217,4.506,0.0,-0.08
550,2022-02-18,4.524,4.5065,4.572,4.5065,190.0,-0.06
551,2022-02-17,4.5265,4.5465,4.5465,4.476,250.0,-0.29
552,2022-02-16,4.5395,4.535,4.5885,4.5205,330.0,0.11
553,2022-02-15,4.5345,4.4825,4.5415,4.4825,210.0,0.61
554,2022-02-14,4.507,4.4695,4.5125,4.451,180.0,-0.03
555,2022-02-11,4.5085,4.612,4.612,4.461,480.0,-3.21
556,2022-02-10,4.658,4.617,4.699,4.5865,550.0,1.22
557,2022-02-09,4.602,4.456,4.6325,4.4295,310.0,3.08
558,2022-02-08,4.4645,4.4815,4.4825,4.417,280.0,-0.07
559,2022-02-07,4.4675,4.5105,4.5145,4.45,320.0,-0.5
560,2022-02-04,4.49,4.504,4.5125,4.4305,200.0,0.4
561,2022-02-03,4.472,4.4785,4.4785,4.46,120.0,-0.48
562,2022-02-02,4.4935,4.4365,4.5015,4.4365,220.0,1.4
563,2022-02-01,4.4315,4.33,4.4415,4.3275,180.0,2.43
564,2022-01-31,4.3265,4.336,4.349,4.287,170.0,0.32
565,2022-01-28,4.3125,4.412,4.412,4.308,460.0,-2.51
566,2022-01-27,4.4235,4.457,4.491,4.399,69840.0,-2.03
567,2022-01-26,4.515,4.4565,4.5345,4.419,62130.0,1.46
568,2022-01-25,4.45,4.456,4.478,4.3855,54590.0,0.85
569,2022-01-24,4.4125,4.522,4.538,4.3865,79000.0,-2.46
570,2022-01-21,4.524,4.5295,4.5805,4.484,68200.0,-1.28
571,2022-01-20,4.5825,4.449,4.586,4.444,73190.0,2.52
572,2022-01-19,4.47,4.4035,4.4885,4.392,61270.0,2.0
573,2022-01-18,4.3825,4.431,4.449,4.376,87040.0,-1.15
574,2022-01-17,4.4335,4.4443,4.4455,4.3827,0.0,-0.23
575,2022-01-16,4.4435,4.428,4.447,4.428,0.0,0.52
576,2022-01-14,4.4205,4.5115,4.5475,4.4125,70020.0,-2.76
577,2022-01-13,4.546,4.557,4.577,4.5045,62790.0,-0.67
578,2022-01-12,4.5765,4.4315,4.601,4.42,106930.0,3.33
579,2022-01-11,4.429,4.372,4.4385,4.366,46660.0,1.77
580,2022-01-10,4.352,4.4015,4.431,4.3305,45320.0,-1.32
581,2022-01-07,4.41,4.354,4.4175,4.3435,46400.0,1.27
582,2022-01-06,4.3545,4.392,4.408,4.3135,56250.0,-1.34
583,2022-01-05,4.4135,4.4725,4.473,4.372,51730.0,-1.37
584,2022-01-04,4.475,4.4245,4.4785,4.378,55940.0,1.21
585,2022-01-03,4.4215,4.4585,4.4805,4.335,38420.0,-0.94
586,2021-12-31,4.4635,4.3895,4.474,4.382,36980.0,1.62
587,2021-12-30,4.3925,4.417,4.4355,4.3795,35140.0,-0.4
588,2021-12-29,4.41,4.44,4.44,4.395,810.0,-0.44
589,2021-12-28,4.4295,4.4395,4.49,4.4245,310.0,-0.89
590,2021-12-27,4.4695,4.389,4.4865,4.36,160.0,1.46
591,2021-12-24,4.405,4.405,4.405,4.405,0.0,0.35
592,2021-12-23,4.3895,4.3855,4.403,4.345,280.0,0.01
593,2021-12-22,4.389,4.347,4.391,4.347,400.0,1.07
594,2021-12-21,4.3425,4.3335,4.346,4.329,200.0,1.22
595,2021-12-20,4.29,4.28,4.2995,4.2305,330.0,-0.06
596,2021-12-17,4.2925,4.319,4.321,4.2705,160.0,-0.23
597,2021-12-16,4.3025,4.24,4.3165,4.2385,280.0,2.92
598,2021-12-15,4.1805,4.266,4.266,4.117,220.0,-1.75
599,2021-12-14,4.255,4.272,4.291,4.2555,60.0,-0.62
600,2021-12-13,4.2815,4.322,4.322,4.276,80.0,-0.08
601,2021-12-10,4.285,4.323,4.353,4.28,140.0,-1.08
602,2021-12-09,4.332,4.3685,4.3715,4.3,90.0,-1.38
603,2021-12-08,4.3925,4.348,4.384,4.3235,180.0,1.23
604,2021-12-07,4.339,4.318,4.3545,4.314,40.0,0.03
605,2021-12-06,4.3375,4.2955,4.342,4.269,50.0,1.68
606,2021-12-03,4.266,4.278,4.3205,4.2635,300.0,-0.78
607,2021-12-02,4.2995,4.2405,4.307,4.2405,160.0,1.24
608,2021-12-01,4.247,4.3155,4.3455,4.21,120.0,-0.78
609,2021-11-30,4.2805,4.357,4.3635,4.275,240.0,-1.41
610,2021-11-29,4.3415,4.3375,4.368,4.324,420.0,1.26
611,2021-11-26,4.2875,4.473,4.5015,4.286,1590.0,-3.43
612,2021-11-25,4.44,4.47,4.5,4.4165,0.0,-0.55
613,2021-11-24,4.4645,4.421,4.493,4.3925,1610.0,0.93
614,2021-11-23,4.4235,4.391,4.45,4.3745,430.0,0.59
615,2021-11-22,4.3975,4.394,4.421,4.3505,730.0,-0.06
616,2021-11-19,4.4,4.2995,4.412,4.2995,1020.0,2.21
617,2021-11-18,4.305,4.2295,4.322,4.228,850.0,0.87
618,2021-11-17,4.268,4.349,4.3615,4.1975,480.0,-1.99
619,2021-11-16,4.3545,4.4155,4.442,4.333,370.0,-1.05
620,2021-11-15,4.4005,4.454,4.4795,4.393,370.0,-1.05
621,2021-11-12,4.447,4.405,4.453,4.3775,280.0,1.11
622,2021-11-11,4.398,4.337,4.42,4.335,180.0,1.73
623,2021-11-10,4.323,4.3675,4.41,4.288,300.0,-1.13
624,2021-11-09,4.3725,4.4075,4.435,4.3385,180.0,-0.5
625,2021-11-08,4.3945,4.375,4.4075,4.3335,270.0,1.36
626,2021-11-05,4.3355,4.316,4.35,4.279,130.0,0.61
627,2021-11-04,4.309,4.3465,4.3865,4.2755,70.0,0.0
628,2021-11-03,4.309,4.3585,4.43,4.275,210.0,-0.98
629,2021-11-02,4.3515,4.365,4.3745,4.3205,330.0,-0.63
630,2021-11-01,4.379,4.379,4.3885,4.3255,180.0,0.46
631,2021-10-29,4.359,4.4155,4.428,4.33,350.0,-1.55
632,2021-10-28,4.4275,4.364,4.4455,4.35,190.0,0.87
633,2021-10-27,4.3895,4.4955,4.51,4.363,71050.0,-2.15
634,2021-10-26,4.486,4.53,4.5545,4.472,58890.0,-0.93
635,2021-10-25,4.528,4.514,4.5685,4.5015,54920.0,0.67
636,2021-10-22,4.498,4.5625,4.619,4.461,88780.0,-1.33
637,2021-10-21,4.5585,4.7335,4.7575,4.537,82450.0,-3.72
638,2021-10-20,4.7345,4.6875,4.749,4.5935,71770.0,0.67
639,2021-10-19,4.703,4.716,4.815,4.6685,73560.0,-0.48
640,2021-10-18,4.7255,4.7305,4.823,4.6855,76630.0,-0.08
641,2021-10-15,4.7295,4.6185,4.781,4.6035,95100.0,2.12
642,2021-10-14,4.6315,4.4905,4.6365,4.483,91560.0,2.56
643,2021-10-13,4.516,4.3225,4.528,4.305,104410.0,4.4
644,2021-10-12,4.3255,4.339,4.3955,4.2865,65220.0,-0.94
645,2021-10-11,4.3665,4.2795,4.385,4.2555,60620.0,2.13
646,2021-10-08,4.2755,4.2495,4.301,4.2225,51720.0,0.75
647,2021-10-07,4.2435,4.1755,4.26,4.1625,41510.0,2.31
648,2021-10-06,4.1475,4.182,4.2185,4.114,48580.0,-1.07
649,2021-10-05,4.1925,4.239,4.242,4.151,41330.0,-1.09
650,2021-10-04,4.2385,4.2145,4.303,4.1775,45600.0,1.19
651,2021-10-01,4.1885,4.1065,4.21,4.0585,51970.0,2.43
652,2021-09-30,4.089,4.1775,4.208,4.0545,72320.0,-2.62
653,2021-09-29,4.199,4.2485,4.2575,4.1665,47160.0,-1.17
654,2021-09-28,4.2485,4.276,4.3,4.2325,510.0,-0.99
655,2021-09-27,4.291,4.289,4.308,4.258,500.0,0.15
656,2021-09-24,4.2845,4.229,4.299,4.22,500.0,1.26
657,2021-09-23,4.231,4.225,4.267,4.1965,220.0,-0.49
658,2021-09-22,4.252,4.1135,4.274,4.1105,330.0,3.05
659,2021-09-21,4.126,4.1375,4.1785,4.0205,420.0,0.3
660,2021-09-20,4.1135,4.219,4.234,4.094,300.0,-3.09
661,2021-09-17,4.2445,4.294,4.353,4.238,310.0,-0.83
662,2021-09-16,4.28,4.403,4.403,4.256,140.0,-2.82
663,2021-09-15,4.404,4.309,4.4185,4.309,180.0,1.97
664,2021-09-14,4.319,4.363,4.363,4.295,320.0,-1.05
665,2021-09-13,4.365,4.424,4.4675,4.3315,450.0,-1.91
666,2021-09-10,4.45,4.282,4.461,4.277,590.0,3.87
667,2021-09-09,4.284,4.224,4.2985,4.222,230.0,1.22
668,2021-09-08,4.2325,4.2745,4.296,4.206,280.0,-1.1
669,2021-09-07,4.2795,4.3285,4.3435,4.256,210.0,-1.21
670,2021-09-06,4.332,4.3325,4.3457,4.304,0.0,-0.01
671,2021-09-05,4.3325,4.335,4.3422,4.3315,0.0,0.03
672,2021-09-03,4.331,4.292,4.338,4.2885,160.0,0.73
673,2021-09-02,4.2995,4.2805,4.303,4.267,120.0,0.6
674,2021-09-01,4.274,4.3615,4.3615,4.2545,260.0,-2.2
675,2021-08-31,4.37,4.374,4.38,4.337,710.0,-0.02
676,2021-08-30,4.371,4.3345,4.3965,4.333,570.0,1.1
677,2021-08-27,4.3235,4.239,4.3325,4.2295,1660.0,1.68
678,2021-08-26,4.252,4.2685,4.275,4.224,780.0,-0.42
679,2021-08-25,4.27,4.248,4.3,4.242,560.0,0.23
680,2021-08-24,4.26,4.2095,4.295,4.1945,370.0,0.92
681,2021-08-23,4.221,4.137,4.2335,4.137,470.0,2.31
682,2021-08-20,4.1255,4.0475,4.138,4.046,1280.0,2.1
683,2021-08-19,4.0405,4.1135,4.1285,3.9675,640.0,-1.86
684,2021-08-18,4.117,4.222,4.2415,4.0975,390.0,-2.01
685,2021-08-17,4.2015,4.3265,4.3265,4.2,350.0,-2.74
686,2021-08-16,4.32,4.342,4.36,4.2995,770.0,-1.43
687,2021-08-13,4.3825,4.35,4.4185,4.35,110.0,0.75
688,2021-08-12,4.35,4.3975,4.399,4.3335,120.0,-0.23
689,2021-08-11,4.36,4.3415,4.363,4.3225,100.0,0.32
690,2021-08-10,4.346,4.2865,4.353,4.2865,80.0,1.49
691,2021-08-09,4.282,4.3,4.321,4.24,360.0,-1.31
692,2021-08-06,4.339,4.3325,4.383,4.3245,500.0,0.12
693,2021-08-05,4.334,4.3275,4.34,4.3,110.0,0.29
694,2021-08-04,4.3215,4.379,4.387,4.31,170.0,-1.23
695,2021-08-03,4.3755,4.416,4.4245,4.3335,220.0,-0.96
696,2021-08-02,4.418,4.4785,4.5,4.4,590.0,-1.06
697,2021-07-30,4.4655,4.5085,4.5085,4.4475,120.0,-0.93
698,2021-07-29,4.5075,4.4695,4.5095,4.4695,290.0,0.57
699,2021-07-28,4.482,4.558,4.5875,4.4295,79780.0,-1.38
700,2021-07-27,4.5445,4.593,4.6275,4.505,86630.0,-0.88
701,2021-07-26,4.585,4.449,4.6085,4.419,106740.0,4.2
702,2021-07-23,4.4,4.3375,4.4605,4.3335,88240.0,1.44
703,2021-07-22,4.3375,4.28,4.3445,4.273,57620.0,1.53
704,2021-07-21,4.272,4.2595,4.29,4.226,51380.0,0.21
705,2021-07-20,4.263,4.201,4.27,4.1945,63300.0,1.46
706,2021-07-19,4.2015,4.31,4.31,4.1665,99000.0,-2.81
707,2021-07-16,4.323,4.3115,4.3445,4.3015,45620.0,0.0
708,2021-07-15,4.323,4.266,4.3465,4.2515,66980.0,1.3
709,2021-07-14,4.2675,4.2925,4.307,4.2575,51690.0,-0.92
710,2021-07-13,4.307,4.329,4.3425,4.255,62160.0,-0.21
711,2021-07-12,4.316,4.3465,4.364,4.2805,55990.0,-0.68
712,2021-07-09,4.3455,4.27,4.369,4.2535,81770.0,1.9
713,2021-07-08,4.2645,4.308,4.324,4.2325,72140.0,-1.34
714,2021-07-07,4.3225,4.2505,4.362,4.2475,81230.0,1.68
715,2021-07-06,4.251,4.281,4.4025,4.234,147240.0,-2.14
716,2021-07-05,4.344,4.3135,4.3575,4.309,0.0,1.59
717,2021-07-02,4.276,4.2425,4.2945,4.2275,52900.0,0.94
718,2021-07-01,4.236,4.289,4.3145,4.2265,70960.0,-1.24
719,2021-06-30,4.289,4.2575,4.335,4.2515,71400.0,0.57
720,2021-06-29,4.2645,4.278,4.281,4.203,68650.0,-0.36
721,2021-06-28,4.28,4.2845,4.3045,4.2535,1440.0,-0.24
722,2021-06-25,4.2905,4.3145,4.3305,4.2675,830.0,-0.38
723,2021-06-24,4.307,4.3135,4.321,4.2615,290.0,-0.45
724,2021-06-23,4.3265,4.227,4.338,4.227,740.0,2.41
725,2021-06-22,4.2245,4.179,4.2475,4.173,530.0,0.96
726,2021-06-21,4.1845,4.137,4.1895,4.1125,700.0,0.55
727,2021-06-18,4.1615,4.1775,4.2195,4.125,270.0,-0.5
728,2021-06-17,4.1825,4.278,4.3405,4.16,620.0,-4.69
729,2021-06-16,4.3885,4.3405,4.4005,4.2745,730.0,1.18
730,2021-06-15,4.3375,4.5315,4.5315,4.32,780.0,-4.27
731,2021-06-14,4.531,4.5655,4.5705,4.5085,240.0,-0.23
732,2021-06-11,4.5415,4.491,4.595,4.486,250.0,1.17
733,2021-06-10,4.489,4.5195,4.5205,4.448,300.0,-1.0
734,2021-06-09,4.5345,4.544,4.561,4.49,200.0,-0.54
735,2021-06-08,4.559,4.5225,4.561,4.473,250.0,0.65
736,2021-06-07,4.5295,4.5285,4.533,4.485,290.0,-0.04
737,2021-06-04,4.5315,4.47,4.538,4.4465,310.0,1.46
738,2021-06-03,4.4665,4.6095,4.619,4.4335,470.0,-2.8
739,2021-06-02,4.595,4.6575,4.6655,4.585,190.0,-1.32
740,2021-06-01,4.6565,4.6925,4.697,4.646,320.0,-0.52
741,2021-05-31,4.681,4.693,4.7047,4.6525,0.0,-0.27
742,2021-05-30,4.6937,4.6723,4.695,4.6697,0.0,0.27
743,2021-05-28,4.681,4.676,4.681,4.6005,650.0,0.32
744,2021-05-27,4.666,4.519,4.68,4.509,840.0,3.01
745,2021-05-26,4.5295,4.5105,4.547,4.4945,65580.0,0.51
746,2021-05-25,4.5065,4.5315,4.5815,4.491,86450.0,-0.42
747,2021-05-24,4.5255,4.502,4.5415,4.444,79530.0,0.99
748,2021-05-21,4.481,4.535,4.5625,4.469,105060.0,-1.9
749,2021-05-20,4.568,4.572,4.625,4.523,102540.0,-0.19
750,2021-05-19,4.5765,4.7065,4.728,4.5285,142070.0,-3.15
751,2021-05-18,4.7255,4.7155,4.782,4.704,78110.0,0.3
752,2021-05-17,4.7115,4.6675,4.722,4.6405,76760.0,1.22
753,2021-05-14,4.6545,4.686,4.712,4.606,115490.0,-0.77
754,2021-05-13,4.6905,4.719,4.7675,4.6435,113720.0,-0.96
755,2021-05-12,4.736,4.8,4.8245,4.706,108330.0,-0.55
756,2021-05-11,4.762,4.665,4.8035,4.6625,109380.0,0.98
757,2021-05-10,4.716,4.78,4.888,4.6875,160250.0,-0.68
758,2021-05-07,4.7485,4.609,4.751,4.5975,120250.0,3.17
759,2021-05-06,4.6025,4.519,4.6125,4.5005,79800.0,1.74
760,2021-05-05,4.524,4.556,4.5725,4.5035,64610.0,0.06
761,2021-05-04,4.5215,4.5285,4.5625,4.49,64430.0,-0.15
762,2021-05-03,4.5285,4.462,4.5355,4.435,40970.0,1.35
763,2021-04-30,4.468,4.483,4.5305,4.446,74280.0,-0.41
764,2021-04-29,4.4865,4.5,4.551,4.4645,92260.0,-0.26
765,2021-04-28,4.498,4.483,4.517,4.4175,2640.0,0.25
766,2021-04-27,4.487,4.446,4.5225,4.446,1780.0,0.99
767,2021-04-26,4.443,4.3385,4.4545,4.3355,1660.0,2.37
768,2021-04-23,4.34,4.27,4.3475,4.27,790.0,1.45
769,2021-04-22,4.278,4.294,4.294,4.256,900.0,-0.15
770,2021-04-21,4.2845,4.215,4.3,4.215,1030.0,1.55
771,2021-04-20,4.219,4.246,4.2965,4.2075,450.0,-0.57
772,2021-04-19,4.243,4.18,4.28,4.159,520.0,1.7
773,2021-04-16,4.172,4.2375,4.2455,4.168,280.0,-1.21
774,2021-04-15,4.223,4.1215,4.2345,4.1115,730.0,2.21
775,2021-04-14,4.1315,4.0425,4.136,4.0385,500.0,2.35
776,2021-04-13,4.0365,4.012,4.0515,4.012,420.0,0.35
777,2021-04-12,4.0225,4.057,4.062,3.9965,590.0,-0.54
778,2021-04-09,4.0445,4.097,4.1005,4.0425,370.0,-1.33
779,2021-04-08,4.099,4.067,4.1,4.05,430.0,1.02
780,2021-04-07,4.0575,4.1085,4.116,4.038,240.0,-1.47
781,2021-04-06,4.118,4.1365,4.137,4.0815,150.0,-0.52
782,2021-04-05,4.1395,4.0345,4.154,4.0345,340.0,3.64
783,2021-04-01,3.994,3.99,4.014,3.95,73100.0,-0.15
784,2021-03-31,4.0,3.983,4.0135,3.96,310.0,0.45
785,2021-03-30,3.982,4.036,4.0465,3.97,80.0,-1.3
786,2021-03-29,4.0345,4.08,4.0825,4.008,61610.0,-0.82
787,2021-03-26,4.068,3.997,4.083,3.994,63830.0,2.26
788,2021-03-25,3.978,4.026,4.046,3.942,108970.0,-2.12
789,2021-03-24,4.064,4.0265,4.105,4.017,73580.0,-0.38
790,2021-03-23,4.0795,4.1445,4.165,4.016,81750.0,-1.45
791,2021-03-22,4.1395,4.1075,4.148,4.076,58810.0,0.64
792,2021-03-19,4.113,4.063,4.1215,4.0105,75170.0,0.12
793,2021-03-18,4.108,4.144,4.157,4.048,67410.0,-0.27
794,2021-03-17,4.119,4.0625,4.1615,4.046,58920.0,1.17
795,2021-03-16,4.0715,4.1415,4.1495,4.0405,72250.0,-1.67
796,2021-03-15,4.1405,4.16,4.19,4.1105,60220.0,0.01
797,2021-03-12,4.14,4.144,4.158,4.0665,68500.0,0.02
798,2021-03-11,4.139,4.0355,4.15,4.0095,89650.0,2.64
799,2021-03-10,4.0325,4.0135,4.0625,3.9815,74710.0,0.6
800,2021-03-09,4.0085,4.0795,4.121,3.972,105190.0,-2.06
801,2021-03-08,4.093,4.117,4.1705,3.9965,112000.0,0.43
802,2021-03-05,4.0755,3.9535,4.1105,3.9015,130260.0,2.44
803,2021-03-04,3.9785,4.1065,4.1505,3.849,172330.0,-3.95
804,2021-03-03,4.142,4.208,4.2215,4.102,106170.0,-1.89
805,2021-03-02,4.222,4.1005,4.2275,4.0415,125090.0,2.65
806,2021-03-01,4.113,4.106,4.181,4.089,106830.0,0.5
807,2021-02-26,4.0925,4.2055,4.2555,4.0765,176040.0,-4.01
808,2021-02-25,4.2635,4.3215,4.3755,4.191,167030.0,-0.88
809,2021-02-24,4.3015,4.208,4.325,4.146,2490.0,2.78
810,2021-02-23,4.185,4.1515,4.2295,4.0945,1410.0,0.93
811,2021-02-22,4.1465,4.075,4.2135,4.075,2040.0,1.7
812,2021-02-19,4.077,3.911,4.095,3.8915,1060.0,4.4
813,2021-02-18,3.905,3.8295,3.93,3.829,510.0,2.13
814,2021-02-17,3.8235,3.827,3.8375,3.7985,500.0,-0.29
815,2021-02-16,3.8345,3.8,3.841,3.8,420.0,0.33
816,2021-02-15,3.8218,3.8005,3.834,3.7997,0.0,0.57
817,2021-02-14,3.8003,3.796,3.8087,3.796,0.0,0.34
818,2021-02-12,3.7875,3.768,3.7995,3.743,210.0,0.37
819,2021-02-11,3.7735,3.754,3.7825,3.754,140.0,0.01
820,2021-02-10,3.773,3.7245,3.7865,3.7245,130.0,1.45
821,2021-02-09,3.719,3.675,3.7195,3.675,260.0,1.43
822,2021-02-08,3.6665,3.6485,3.675,3.6265,110.0,1.09
823,2021-02-05,3.627,3.5605,3.636,3.5605,90.0,2.03
824,2021-02-04,3.555,3.5665,3.5785,3.5435,190.0,-0.29
825,2021-02-03,3.5655,3.5115,3.5625,3.51,170.0,1.16
826,2021-02-02,3.5245,3.525,3.5315,3.5145,70.0,-0.59
827,2021-02-01,3.5455,3.547,3.581,3.528,100.0,-0.35
828,2021-01-29,3.558,3.576,3.6035,3.539,300.0,-0.61
829,2021-01-28,3.58,3.542,3.5905,3.501,150.0,0.63
830,2021-01-27,3.5575,3.617,3.628,3.5205,105180.0,-1.71
831,2021-01-26,3.6195,3.6295,3.6415,3.581,60310.0,-0.28
832,2021-01-25,3.6295,3.6215,3.6405,3.592,63750.0,0.1
833,2021-01-22,3.626,3.647,3.652,3.5635,82150.0,-0.59
834,2021-01-21,3.6475,3.644,3.6735,3.6335,54040.0,0.16
835,2021-01-20,3.6415,3.627,3.664,3.616,52140.0,0.22
836,2021-01-19,3.6335,3.593,3.6535,3.5585,110270.0,0.46
837,2021-01-18,3.6168,3.5762,3.6488,3.5737,0.0,1.14
838,2021-01-17,3.576,3.6,3.606,3.5585,0.0,-0.72
839,2021-01-15,3.602,3.6735,3.684,3.5865,72980.0,-1.71
840,2021-01-14,3.6645,3.6105,3.675,3.6015,71340.0,1.31
841,2021-01-13,3.617,3.646,3.6495,3.605,64870.0,0.32
842,2021-01-12,3.6055,3.558,3.6485,3.557,78260.0,1.15
843,2021-01-11,3.5645,3.6925,3.6925,3.5515,95190.0,-2.97
844,2021-01-08,3.6735,3.706,3.734,3.629,106390.0,-0.61
845,2021-01-07,3.696,3.6615,3.7115,3.6405,63680.0,1.25
846,2021-01-06,3.6505,3.6465,3.7075,3.6245,93050.0,0.3
847,2021-01-05,3.6395,3.556,3.663,3.556,65950.0,2.39
848,2021-01-04,3.5545,3.527,3.607,3.522,78590.0,0.98
849,2021-01-01,3.52,3.52,3.52,3.52,0.0,0.03
850,2020-12-31,3.519,3.5445,3.5595,3.5055,42980.0,-0.85
851,2020-12-30,3.549,3.5525,3.583,3.5405,39010.0,-0.13
852,2020-12-29,3.5535,3.5795,3.5805,3.546,240.0,-0.46
853,2020-12-28,3.57,3.5815,3.61,3.568,80.0,0.24
854,2020-12-24,3.5615,3.5545,3.567,3.5485,70.0,0.18
855,2020-12-23,3.555,3.5115,3.5585,3.48,110.0,1.02
856,2020-12-22,3.519,3.5775,3.5775,3.5085,440.0,-1.58
857,2020-12-21,3.5755,3.628,3.628,3.547,110.0,-1.5
858,2020-12-18,3.63,3.6,3.641,3.5945,130.0,0.83
859,2020-12-17,3.6,3.5645,3.608,3.5645,40.0,1.19
860,2020-12-16,3.5575,3.543,3.57,3.5385,90.0,0.44
861,2020-12-15,3.542,3.501,3.5485,3.5,160.0,0.51
862,2020-12-14,3.524,3.5355,3.548,3.5065,180.0,-0.06
863,2020-12-11,3.526,3.5955,3.618,3.4935,90.0,-1.3
864,2020-12-10,3.5725,3.4935,3.5835,3.4855,80.0,1.77
865,2020-12-09,3.5105,3.5045,3.5185,3.492,100.0,0.4
866,2020-12-08,3.4965,3.4855,3.498,3.4665,90.0,-0.5
867,2020-12-07,3.514,3.534,3.5365,3.4775,70.0,-0.2
868,2020-12-04,3.521,3.4815,3.527,3.4815,60.0,0.99
869,2020-12-03,3.4865,3.482,3.514,3.471,90.0,0.06
870,2020-12-02,3.4845,3.4785,3.491,3.4415,140.0,0.13
871,2020-12-01,3.48,3.464,3.511,3.4585,380.0,1.35
872,2020-11-30,3.4335,3.421,3.4915,3.421,160.0,0.63
873,2020-11-27,3.412,3.347,3.416,3.347,650.0,1.92
874,2020-11-26,3.3478,3.3117,3.3585,3.309,0.0,0.9
875,2020-11-25,3.318,3.32,3.338,3.288,1030.0,0.32
876,2020-11-24,3.3075,3.274,3.322,3.27,550.0,1.3
877,2020-11-23,3.265,3.295,3.295,3.243,630.0,-0.99
878,2020-11-20,3.2975,3.2125,3.3055,3.2115,390.0,2.77
879,2020-11-19,3.2085,3.202,3.222,3.1865,280.0,0.16
880,2020-11-18,3.2035,3.21,3.2415,3.202,460.0,0.02
881,2020-11-17,3.203,3.227,3.227,3.187,270.0,-0.68
882,2020-11-16,3.225,3.2,3.26,3.2,250.0,1.4
883,2020-11-13,3.1805,3.14,3.19,3.14,70.0,1.03
884,2020-11-12,3.148,3.1345,3.1625,3.1245,130.0,0.33
885,2020-11-11,3.1375,3.159,3.173,3.123,50.0,-0.7
886,2020-11-10,3.1595,3.159,3.1605,3.105,150.0,0.0
887,2020-11-09,3.1595,3.1645,3.2065,3.144,210.0,0.08
888,2020-11-06,3.157,3.1125,3.174,3.1085,130.0,1.4
889,2020-11-05,3.1135,3.1025,3.1285,3.0875,140.0,0.13
890,2020-11-04,3.1095,3.113,3.1165,3.045,90.0,0.52
891,2020-11-03,3.0935,3.0905,3.1185,3.0895,110.0,0.41
892,2020-11-02,3.081,3.055,3.091,3.052,60.0,0.97
893,2020-10-30,3.0515,3.068,3.068,3.045,260.0,-0.28
894,2020-10-29,3.06,3.081,3.081,3.0595,20.0,-0.13
895,2020-10-28,3.064,3.088,3.1065,3.042,89550.0,-0.95
896,2020-10-27,3.0935,3.0915,3.1125,3.08,56270.0,0.13
897,2020-10-26,3.0895,3.1415,3.143,3.077,74730.0,-1.26
898,2020-10-23,3.129,3.164,3.1645,3.1245,50620.0,-0.78
899,2020-10-22,3.1535,3.1955,3.196,3.1425,74340.0,-1.41
900,2020-10-21,3.1985,3.1415,3.218,3.1405,80170.0,1.6
901,2020-10-20,3.148,3.0835,3.1705,3.073,78890.0,2.01
902,2020-10-19,3.086,3.0605,3.108,3.057,53710.0,0.6
903,2020-10-16,3.0675,3.0875,3.096,3.0555,49490.0,-0.58
904,2020-10-15,3.0855,3.0505,3.0935,3.0245,73520.0,1.15
905,2020-10-14,3.0505,3.0415,3.0685,3.038,44200.0,0.2
906,2020-10-13,3.0445,3.0635,3.067,3.0265,60940.0,-0.64
907,2020-10-12,3.064,3.0795,3.093,3.052,50420.0,-0.6
908,2020-10-09,3.0825,3.042,3.098,3.039,77720.0,1.33
909,2020-10-08,3.042,3.0315,3.0475,3.0115,60110.0,0.3
910,2020-10-07,3.033,2.927,3.055,2.9225,88200.0,2.35
911,2020-10-06,2.9635,2.9635,2.9765,2.9205,45410.0,0.02
912,2020-10-05,2.963,2.98,2.9845,2.932,56240.0,-0.49
913,2020-10-02,2.9775,2.8775,2.9865,2.8345,112080.0,3.91
914,2020-10-01,2.8655,3.016,3.0465,2.854,116110.0,-5.51
915,2020-09-30,3.0325,2.9955,3.0415,2.9755,81630.0,1.42
916,2020-09-29,2.99,3.0,3.006,2.955,67930.0,0.07
917,2020-09-28,2.988,2.9885,3.0065,2.9735,280.0,0.56
918,2020-09-25,2.9715,2.976,2.992,2.9425,480.0,0.13
919,2020-09-24,2.9675,2.96,2.9775,2.9145,180.0,-0.84
920,2020-09-23,2.9925,3.06,3.06,2.9495,300.0,-2.21
921,2020-09-22,3.06,3.043,3.083,3.0425,260.0,0.94
922,2020-09-21,3.0315,3.1,3.11,3.027,210.0,-2.65
923,2020-09-18,3.114,3.0845,3.114,3.065,160.0,1.48
924,2020-09-17,3.0685,3.036,3.078,3.0195,180.0,0.33
925,2020-09-16,3.0585,3.0435,3.0735,3.043,200.0,-0.08
926,2020-09-15,3.061,3.0695,3.0805,3.043,320.0,-0.13
927,2020-09-14,3.065,3.0485,3.071,3.0265,370.0,0.96
928,2020-09-11,3.036,2.9735,3.045,2.9735,300.0,1.45
929,2020-09-10,2.9925,3.0515,3.0515,2.9545,300.0,-1.76
930,2020-09-09,3.046,3.0055,3.0525,3.0055,730.0,0.86
931,2020-09-08,3.02,3.071,3.0775,2.9975,170.0,-1.62
932,2020-09-07,3.0697,3.074,3.088,3.0427,0.0,-0.16
933,2020-09-06,3.0745,3.079,3.079,3.0623,0.0,0.61
934,2020-09-04,3.056,2.962,3.074,2.962,360.0,2.91
935,2020-09-03,2.9695,3.007,3.007,2.955,90.0,-1.51
936,2020-09-02,3.015,2.9975,3.0325,2.9955,120.0,-0.25
937,2020-09-01,3.0225,3.047,3.083,3.014,170.0,-1.08
938,2020-08-31,3.0555,3.0345,3.06,3.0335,150.0,1.44
939,2020-08-28,3.012,3.012,3.023,3.0085,450.0,1.23
940,2020-08-27,2.9755,2.983,2.9955,2.9415,870.0,0.24
941,2020-08-26,2.9685,2.9535,2.983,2.943,190.0,0.92
942,2020-08-25,2.9415,2.9335,2.9505,2.9195,390.0,0.31
943,2020-08-24,2.9325,2.939,2.969,2.924,300.0,0.29
944,2020-08-21,2.924,3.0,3.0035,2.918,400.0,-1.91
945,2020-08-20,2.981,2.9865,3.002,2.959,170.0,-1.55
946,2020-08-19,3.028,2.983,3.03,2.983,270.0,1.59
947,2020-08-18,2.9805,2.913,2.985,2.899,470.0,2.46
948,2020-08-17,2.909,2.8645,2.9235,2.86,190.0,1.43
949,2020-08-14,2.868,2.8005,2.8675,2.8005,90.0,1.85
950,2020-08-13,2.816,2.8575,2.8675,2.781,240.0,-2.86
951,2020-08-12,2.899,2.832,2.906,2.832,220.0,0.52
952,2020-08-11,2.884,2.874,2.886,2.858,100.0,0.47
953,2020-08-10,2.8705,2.8145,2.885,2.8145,100.0,2.44
954,2020-08-07,2.802,2.904,2.904,2.791,310.0,-4.01
955,2020-08-06,2.919,2.9045,2.9195,2.9045,290.0,-0.21
956,2020-08-05,2.925,2.92,2.941,2.92,30.0,0.76
957,2020-08-04,2.903,2.8975,2.907,2.8975,50.0,-0.6
958,2020-08-03,2.9205,2.842,2.9215,2.8415,40.0,1.51
959,2020-07-31,2.877,2.9105,2.9105,2.8745,360.0,-1.54
960,2020-07-30,2.922,2.9215,2.923,2.889,310.0,0.1
961,2020-07-29,2.919,2.9145,2.9435,2.895,57120.0,0.05
962,2020-07-28,2.9175,2.909,2.94,2.879,70940.0,0.69
963,2020-07-27,2.8975,2.8925,2.92,2.882,59870.0,0.17
964,2020-07-24,2.8925,2.9215,2.9305,2.8665,80310.0,-1.57
965,2020-07-23,2.9385,2.9265,2.954,2.899,56700.0,0.48
966,2020-07-22,2.9245,2.9635,2.982,2.8915,72710.0,-1.13
967,2020-07-21,2.958,2.921,2.975,2.9195,51620.0,1.46
968,2020-07-20,2.9155,2.9065,2.944,2.8815,59310.0,0.38
969,2020-07-17,2.9045,2.898,2.9175,2.88,49750.0,0.1
970,2020-07-16,2.9015,2.894,2.906,2.845,71220.0,0.57
971,2020-07-15,2.885,2.939,2.976,2.873,86430.0,-1.62
972,2020-07-14,2.9325,2.916,2.946,2.898,83110.0,-0.76
973,2020-07-13,2.955,2.9195,2.993,2.8955,104540.0,1.98
974,2020-07-10,2.8975,2.8425,2.917,2.8225,81460.0,2.08
975,2020-07-09,2.8385,2.8285,2.8755,2.8235,78980.0,0.51
976,2020-07-08,2.824,2.785,2.8255,2.785,59180.0,0.97
977,2020-07-07,2.797,2.79,2.799,2.746,62730.0,0.81
978,2020-07-06,2.7745,2.749,2.7925,2.7235,86670.0,2.8
979,2020-07-03,2.699,2.733,2.737,2.698,0.0,-1.8
980,2020-07-02,2.7485,2.759,2.769,2.7305,66230.0,0.53
981,2020-07-01,2.734,2.7305,2.7585,2.7065,76630.0,0.2
982,2020-06-30,2.7285,2.698,2.737,2.6955,69030.0,1.34
983,2020-06-29,2.6925,2.67,2.7055,2.668,61500.0,0.79
984,2020-06-26,2.6715,2.675,2.705,2.665,900.0,-0.04
985,2020-06-25,2.6725,2.6445,2.675,2.644,270.0,0.7
986,2020-06-24,2.654,2.666,2.684,2.637,310.0,-0.38
987,2020-06-23,2.664,2.66,2.6705,2.6305,510.0,0.24
988,2020-06-22,2.6575,2.62,2.6625,2.62,170.0,1.39
989,2020-06-19,2.621,2.612,2.657,2.607,300.0,0.75
990,2020-06-18,2.6015,2.5995,2.633,2.599,530.0,0.02
991,2020-06-17,2.601,2.5725,2.6075,2.567,360.0,0.93
992,2020-06-16,2.577,2.6035,2.62,2.548,780.0,-0.06
993,2020-06-15,2.5785,2.5975,2.609,2.555,380.0,-1.23
994,2020-06-12,2.6105,2.575,2.626,2.575,2170.0,0.58
995,2020-06-11,2.5955,2.6735,2.6735,2.57,110.0,-2.63
996,2020-06-10,2.6655,2.6185,2.7025,2.6185,120.0,2.24
997,2020-06-09,2.607,2.593,2.611,2.574,200.0,1.28
998,2020-06-08,2.574,2.56,2.5915,2.5455,610.0,0.43
999,2020-06-05,2.563,2.5015,2.5735,2.499,150.0,2.66
1000,2020-06-04,2.4965,2.49,2.5085,2.49,70.0,0.06
1001,2020-06-03,2.495,2.509,2.51,2.4985,50.0,-0.14
1002,2020-06-02,2.4985,2.4745,2.5025,2.469,30.0,0.83
1003,2020-06-01,2.478,2.4585,2.48,2.4575,110.0,1.79
1004,2020-05-29,2.4345,2.426,2.441,2.426,80.0,0.54
1005,2020-05-28,2.4215,2.408,2.4255,2.408,80.0,1.66
1006,2020-05-27,2.382,2.411,2.422,2.3585,73620.0,-1.51
1007,2020-05-26,2.4185,2.3975,2.439,2.386,70770.0,0.52
1008,2020-05-25,2.406,2.398,2.414,2.386,0.0,0.38
1009,2020-05-24,2.397,2.393,2.399,2.387,0.0,0.44
1010,2020-05-22,2.3865,2.4275,2.431,2.3715,60700.0,-1.87
1011,2020-05-21,2.432,2.4605,2.468,2.422,56130.0,-1.14
1012,2020-05-20,2.46,2.41,2.465,2.401,54340.0,1.74
1013,2020-05-19,2.418,2.4245,2.4385,2.4035,59830.0,0.58
1014,2020-05-18,2.404,2.3375,2.4285,2.334,65070.0,3.15
1015,2020-05-15,2.3305,2.362,2.3755,2.3285,48380.0,-0.66
1016,2020-05-14,2.346,2.353,2.365,2.314,53810.0,0.0
1017,2020-05-13,2.346,2.3355,2.375,2.3325,43800.0,-0.55
1018,2020-05-12,2.359,2.384,2.3865,2.3305,48170.0,-0.88
1019,2020-05-11,2.38,2.4095,2.43,2.367,59010.0,-1.08
1020,2020-05-08,2.406,2.379,2.43,2.378,34750.0,1.07
1021,2020-05-07,2.3805,2.342,2.391,2.334,52220.0,1.43
1022,2020-05-06,2.347,2.3325,2.3655,2.3185,45060.0,0.62
1023,2020-05-05,2.3325,2.321,2.34,2.307,38370.0,0.86
1024,2020-05-04,2.3125,2.305,2.322,2.284,30430.0,0.02
1025,2020-05-01,2.312,2.34,2.342,2.286,42860.0,-1.37
1026,2020-04-30,2.344,2.377,2.395,2.335,52270.0,-1.12
1027,2020-04-29,2.3705,2.3425,2.386,2.337,46810.0,0.96
1028,2020-04-28,2.348,2.3475,2.3755,2.3315,1190.0,0.02
1029,2020-04-27,2.3475,2.36,2.382,2.323,560.0,0.43
1030,2020-04-24,2.3375,2.3145,2.3605,2.294,850.0,0.99
1031,2020-04-23,2.3145,2.2935,2.34,2.2865,590.0,0.56
1032,2020-04-22,2.3015,2.2725,2.3035,2.234,810.0,2.33
1033,2020-04-21,2.249,2.321,2.3215,2.197,3150.0,-3.39
1034,2020-04-20,2.328,2.348,2.36,2.305,1260.0,-1.1
1035,2020-04-17,2.354,2.341,2.3645,2.338,280.0,2.26
1036,2020-04-16,2.302,2.302,2.3245,2.299,440.0,-0.09
1037,2020-04-15,2.304,2.337,2.337,2.2875,330.0,-1.45
1038,2020-04-14,2.338,2.3365,2.343,2.321,520.0,1.1
1039,2020-04-13,2.3125,2.305,2.35,2.2735,1120.0,1.87
1040,2020-04-10,2.27,2.27,2.27,2.27,0.0,0.09
1041,2020-04-09,2.268,2.288,2.288,2.257,710.0,0.07
1042,2020-04-08,2.2665,2.265,2.289,2.253,450.0,-0.46
1043,2020-04-07,2.277,2.227,2.2905,2.227,300.0,2.52
1044,2020-04-06,2.221,2.1895,2.2305,2.1895,200.0,1.16
1045,2020-04-03,2.1955,2.2115,2.227,2.1895,280.0,-1.19
1046,2020-04-02,2.222,2.185,2.23,2.185,160.0,1.97
1047,2020-04-01,2.179,2.215,2.215,2.1635,190.0,-2.37
1048,2020-03-31,2.232,2.192,2.2365,2.18,220.0,3.31
1049,2020-03-30,2.1605,2.161,2.171,2.154,190.0,-0.53
1050,2020-03-27,2.172,2.1845,2.2035,2.158,54310.0,-0.28
1051,2020-03-26,2.178,2.204,2.2155,2.159,60760.0,-1.18
1052,2020-03-25,2.204,2.1995,2.227,2.1495,74580.0,1.1
1053,2020-03-24,2.18,2.087,2.2395,2.0845,91040.0,3.78
1054,2020-03-23,2.1005,2.1465,2.1465,2.0205,84920.0,-3.27
1055,2020-03-20,2.1715,2.1485,2.2365,2.093,88780.0,-0.64
1056,2020-03-19,2.1855,2.1625,2.199,1.9725,101070.0,1.6
1057,2020-03-18,2.151,2.317,2.3415,2.111,105930.0,-7.02
1058,2020-03-17,2.3135,2.386,2.4255,2.302,101650.0,-3.3
1059,2020-03-16,2.3925,2.51,2.5155,2.335,114110.0,-2.9
1060,2020-03-13,2.464,2.443,2.532,2.4015,124910.0,-0.34
1061,2020-03-12,2.4725,2.4775,2.4845,2.428,116120.0,-1.18
1062,2020-03-11,2.502,2.541,2.542,2.4725,74670.0,-0.77
1063,2020-03-10,2.5215,2.487,2.5655,2.482,93800.0,0.44
1064,2020-03-09,2.5105,2.535,2.535,2.4565,120970.0,-1.95
1065,2020-03-06,2.5605,2.57,2.577,2.532,99170.0,-0.49
1066,2020-03-05,2.573,2.5825,2.6,2.561,62320.0,-0.5
1067,2020-03-04,2.586,2.587,2.6,2.57,58220.0,0.51
1068,2020-03-03,2.573,2.6165,2.625,2.5465,100560.0,-0.85
1069,2020-03-02,2.595,2.522,2.613,2.501,106890.0,2.17
1070,2020-02-28,2.54,2.5565,2.5775,2.506,130450.0,-1.22
1071,2020-02-27,2.5715,2.5665,2.582,2.5255,110450.0,-0.08
1072,2020-02-26,2.5735,2.5665,2.581,2.5485,1250.0,-0.27
1073,2020-02-25,2.5805,2.577,2.5945,2.562,650.0,-0.04
1074,2020-02-24,2.5815,2.593,2.593,2.5645,610.0,-1.19
1075,2020-02-21,2.6125,2.594,2.62,2.567,640.0,0.77
1076,2020-02-20,2.5925,2.6175,2.6245,2.585,780.0,-0.69
1077,2020-02-19,2.6105,2.614,2.6305,2.582,610.0,0.08
1078,2020-02-18,2.6085,2.6105,2.635,2.598,260.0,-0.44
1079,2020-02-17,2.62,2.607,2.633,2.602,0.0,0.5
1080,2020-02-16,2.607,2.599,2.61,2.599,0.0,0.12
1081,2020-02-14,2.604,2.6165,2.6205,2.6005,310.0,-0.52
1082,2020-02-13,2.6175,2.595,2.6305,2.59,310.0,0.46
1083,2020-02-12,2.6055,2.5875,2.614,2.587,830.0,0.7
1084,2020-02-11,2.5875,2.5815,2.6095,2.5725,230.0,1.29
1085,2020-02-10,2.5545,2.548,2.5795,2.546,220.0,-0.1
1086,2020-02-07,2.557,2.596,2.5965,2.5505,360.0,-1.52
1087,2020-02-06,2.5965,2.5895,2.6245,2.5895,500.0,0.7
1088,2020-02-05,2.5785,2.5495,2.604,2.5485,370.0,1.3
1089,2020-02-04,2.5455,2.5085,2.571,2.5085,650.0,1.39
1090,2020-02-03,2.5105,2.511,2.5615,2.491,540.0,-0.38
1091,2020-01-31,2.52,2.5495,2.5655,2.509,470.0,-0.3
1092,2020-01-30,2.5275,2.5475,2.5525,2.523,140.0,-1.04
1093,2020-01-29,2.554,2.588,2.6065,2.553,87190.0,-0.99
1094,2020-01-28,2.5795,2.5935,2.6085,2.5775,100470.0,-0.65
1095,2020-01-27,2.5965,2.6675,2.673,2.5915,118990.0,-3.26
1096,2020-01-24,2.684,2.731,2.736,2.6775,72570.0,-1.54
1097,2020-01-23,2.726,2.768,2.7725,2.711,88850.0,-1.41
1098,2020-01-22,2.765,2.788,2.805,2.7635,71190.0,-1.02
1099,2020-01-21,2.7935,2.847,2.861,2.79,103870.0,-1.78
1100,2020-01-20,2.844,2.852,2.861,2.837,0.0,-0.25
1101,2020-01-19,2.851,2.846,2.851,2.845,0.0,0.19
1102,2020-01-17,2.8455,2.852,2.8755,2.8415,59520.0,-0.05
1103,2020-01-16,2.847,2.8625,2.886,2.8415,73550.0,-0.66
1104,2020-01-15,2.866,2.87,2.8705,2.8365,55200.0,-0.26
1105,2020-01-14,2.8735,2.856,2.8745,2.8495,74970.0,0.44
1106,2020-01-13,2.861,2.8055,2.864,2.8055,73100.0,1.69
1107,2020-01-10,2.8135,2.8,2.836,2.7955,60790.0,0.41
1108,2020-01-09,2.802,2.808,2.819,2.7955,53120.0,-0.36
1109,2020-01-08,2.812,2.7955,2.814,2.763,77700.0,0.66
1110,2020-01-07,2.7935,2.789,2.804,2.78,59470.0,0.13
1111,2020-01-06,2.79,2.765,2.7955,2.7645,59570.0,0.11
1112,2020-01-03,2.787,2.825,2.8255,2.7595,74750.0,-1.35
1113,2020-01-02,2.825,2.8035,2.8295,2.794,72460.0,0.68
1114,2020-01-01,2.806,2.798,2.807,2.798,0.0,0.32
1115,2019-12-31,2.797,2.8205,2.822,2.796,42720.0,-1.29
1116,2019-12-30,2.8335,2.8255,2.838,2.819,46910.0,0.21
1117,2019-12-27,2.8275,2.849,2.849,2.816,180.0,-0.7
1118,2019-12-26,2.8475,2.833,2.855,2.8325,140.0,0.33
1119,2019-12-25,2.838,2.825,2.842,2.825,0.0,0.41
1120,2019-12-24,2.8265,2.8185,2.83,2.812,160.0,0.61
1121,2019-12-23,2.8095,2.801,2.807,2.794,380.0,0.16
1122,2019-12-20,2.805,2.8245,2.8255,2.7975,210.0,-0.76
1123,2019-12-19,2.8265,2.8005,2.826,2.8005,480.0,0.55
1124,2019-12-18,2.811,2.7945,2.8105,2.7945,620.0,-0.05
1125,2019-12-17,2.8125,2.807,2.8165,2.805,480.0,0.12
1126,2019-12-16,2.809,2.7885,2.8145,2.7855,2320.0,1.13
1127,2019-12-13,2.7775,2.816,2.825,2.7675,450.0,-0.54
1128,2019-12-12,2.7925,2.778,2.809,2.7675,240.0,0.25
1129,2019-12-11,2.7855,2.77,2.7915,2.7675,290.0,0.87
1130,2019-12-10,2.7615,2.7455,2.7625,2.7445,260.0,0.27
1131,2019-12-09,2.754,2.7355,2.7565,2.7205,380.0,1.23
1132,2019-12-06,2.7205,2.6705,2.7475,2.665,110.0,2.33
1133,2019-12-05,2.6585,2.659,2.6655,2.6545,330.0,0.15
1134,2019-12-04,2.6545,2.6195,2.6605,2.6195,190.0,1.39
1135,2019-12-03,2.618,2.645,2.645,2.6215,80.0,-1.04
1136,2019-12-02,2.6455,2.649,2.657,2.644,110.0,-0.4
1137,2019-11-29,2.656,2.6655,2.6655,2.649,240.0,-0.52
1138,2019-11-28,2.67,2.694,2.695,2.667,0.0,-0.76
1139,2019-11-27,2.6905,2.6825,2.7025,2.6825,660.0,0.17
1140,2019-11-26,2.686,2.653,2.687,2.6445,1480.0,1.22
1141,2019-11-25,2.6535,2.65,2.6735,2.6405,710.0,0.08
1142,2019-11-22,2.6515,2.631,2.653,2.623,510.0,0.91
1143,2019-11-21,2.6275,2.6495,2.6525,2.6255,810.0,-0.92
1144,2019-11-20,2.652,2.6535,2.666,2.6455,1150.0,-0.26
1145,2019-11-19,2.659,2.6245,2.663,2.6225,910.0,1.31
1146,2019-11-18,2.6245,2.642,2.648,2.621,1030.0,-0.68
1147,2019-11-15,2.6425,2.63,2.6465,2.6295,420.0,0.61
1148,2019-11-14,2.6265,2.645,2.66,2.623,760.0,-0.64
1149,2019-11-13,2.6435,2.653,2.6545,2.6375,760.0,-0.25
1150,2019-11-12,2.65,2.664,2.687,2.647,470.0,-0.67
1151,2019-11-11,2.668,2.692,2.692,2.6625,250.0,-0.67
1152,2019-11-08,2.686,2.722,2.7245,2.681,740.0,-1.68
1153,2019-11-07,2.732,2.671,2.7325,2.671,590.0,2.34
1154,2019-11-06,2.6695,2.703,2.703,2.6675,310.0,-1.31
1155,2019-11-05,2.705,2.6685,2.714,2.668,700.0,1.1
1156,2019-11-04,2.6755,2.667,2.6805,2.66,350.0,0.68
1157,2019-11-01,2.6575,2.6505,2.668,2.642,410.0,0.57
1158,2019-10-31,2.6425,2.6865,2.689,2.635,320.0,-1.78
1159,2019-10-30,2.6905,2.686,2.6935,2.6675,110.0,-0.04
1160,2019-10-29,2.6915,2.682,2.697,2.6725,52040.0,0.32
1161,2019-10-28,2.683,2.685,2.689,2.6735,49120.0,0.28
1162,2019-10-25,2.6755,2.6665,2.6905,2.659,57340.0,0.28
1163,2019-10-24,2.668,2.669,2.6795,2.659,61060.0,-0.13
1164,2019-10-23,2.6715,2.6355,2.6745,2.6145,75680.0,1.46
1165,2019-10-22,2.633,2.645,2.6505,2.6295,46140.0,-0.51
1166,2019-10-21,2.6465,2.6395,2.66,2.6305,54490.0,0.4
1167,2019-10-18,2.636,2.6,2.646,2.585,71810.0,1.48
1168,2019-10-17,2.5975,2.587,2.6175,2.577,53900.0,0.31
1169,2019-10-16,2.5895,2.6125,2.613,2.573,54260.0,-0.94
1170,2019-10-15,2.614,2.632,2.6415,2.606,53710.0,-0.76
1171,2019-10-14,2.634,2.6275,2.6345,2.594,58730.0,0.23
1172,2019-10-11,2.628,2.611,2.6385,2.606,71340.0,0.55
1173,2019-10-10,2.6135,2.569,2.62,2.5475,76150.0,1.77
1174,2019-10-09,2.568,2.567,2.5795,2.5605,46710.0,-0.02
1175,2019-10-08,2.5685,2.573,2.6015,2.5615,62320.0,-0.33
1176,2019-10-07,2.577,2.557,2.5895,2.5525,49610.0,0.57
1177,2019-10-04,2.5625,2.5535,2.566,2.53,48820.0,0.35
1178,2019-10-03,2.5535,2.566,2.582,2.5385,51490.0,-0.66
1179,2019-10-02,2.5705,2.565,2.5855,2.5475,62200.0,0.39
1180,2019-10-01,2.5605,2.574,2.577,2.515,74860.0,-0.7
1181,2019-09-30,2.5785,2.598,2.6185,2.5725,50070.0,-0.73
1182,2019-09-27,2.5975,2.577,2.613,2.5705,59060.0,1.03
1183,2019-09-26,2.571,2.602,2.61,2.5705,800.0,-1.34
1184,2019-09-25,2.606,2.5985,2.607,2.5825,510.0,0.17
1185,2019-09-24,2.6015,2.6055,2.615,2.595,480.0,-0.19
1186,2019-09-23,2.6065,2.5915,2.613,2.57,230.0,0.19
1187,2019-09-20,2.6015,2.6095,2.623,2.587,290.0,-0.06
1188,2019-09-19,2.603,2.606,2.615,2.6,220.0,-0.17
1189,2019-09-18,2.6075,2.6275,2.6305,2.5995,130.0,-0.53
1190,2019-09-17,2.6215,2.63,2.63,2.6035,240.0,-0.47
1191,2019-09-16,2.634,2.697,2.697,2.633,880.0,-2.21
1192,2019-09-13,2.6935,2.64,2.6975,2.64,230.0,2.22
1193,2019-09-12,2.635,2.6295,2.6575,2.59,540.0,1.0
1194,2019-09-11,2.609,2.6115,2.631,2.607,140.0,-0.51
1195,2019-09-10,2.6225,2.63,2.63,2.605,150.0,0.04
1196,2019-09-09,2.6215,2.617,2.622,2.612,240.0,-0.27
1197,2019-09-06,2.6285,2.6285,2.642,2.6175,290.0,-0.3
1198,2019-09-05,2.6365,2.5995,2.6405,2.5835,670.0,1.8
1199,2019-09-04,2.59,2.5265,2.59,2.5265,650.0,2.64
1200,2019-09-03,2.5235,2.5365,2.5365,2.4925,770.0,-0.34
1201,2019-09-02,2.532,2.552,2.567,2.528,0.0,-0.78
1202,2019-09-01,2.552,2.557,2.557,2.547,0.0,0.2
1203,2019-08-30,2.547,2.572,2.577,2.5445,330.0,-1.03
1204,2019-08-29,2.5735,2.5535,2.588,2.5505,2560.0,0.57
1205,2019-08-28,2.559,2.552,2.5655,2.542,2100.0,0.35
1206,2019-08-27,2.55,2.541,2.572,2.5325,1230.0,0.14
1207,2019-08-26,2.5465,2.52,2.549,2.5,1240.0,0.47
1208,2019-08-23,2.5345,2.563,2.574,2.53,280.0,-1.05
1209,2019-08-22,2.5615,2.581,2.586,2.552,480.0,-1.06
1210,2019-08-21,2.589,2.5795,2.592,2.579,530.0,0.29
1211,2019-08-20,2.5815,2.602,2.6025,2.5755,190.0,-0.9
1212,2019-08-19,2.605,2.598,2.6175,2.598,140.0,0.25
1213,2019-08-16,2.5985,2.591,2.596,2.59,110.0,0.0
1214,2019-08-15,2.5985,2.606,2.606,2.5875,290.0,0.12
1215,2019-08-14,2.5955,2.6105,2.6105,2.5875,290.0,-1.44
1216,2019-08-13,2.6335,2.602,2.6395,2.5805,500.0,1.76
1217,2019-08-12,2.588,2.5965,2.5965,2.5805,710.0,-0.17
1218,2019-08-09,2.5925,2.616,2.616,2.587,570.0,-0.69
1219,2019-08-08,2.6105,2.5935,2.616,2.5935,170.0,1.38
1220,2019-08-07,2.575,2.574,2.592,2.551,410.0,0.53
1221,2019-08-06,2.5615,2.548,2.572,2.548,790.0,0.49
1222,2019-08-05,2.549,2.5625,2.565,2.548,590.0,-1.11
1223,2019-08-02,2.5775,2.6145,2.629,2.567,690.0,-3.48
1224,2019-08-01,2.6705,2.665,2.67,2.625,330.0,-0.04
1225,2019-07-31,2.6715,2.688,2.688,2.67,860.0,-0.43
1226,2019-07-30,2.683,2.7045,2.7045,2.681,290.0,-1.27
1227,2019-07-29,2.7175,2.6905,2.721,2.6815,55520.0,1.21
1228,2019-07-26,2.685,2.7065,2.712,2.684,58820.0,-0.68
1229,2019-07-25,2.7035,2.7115,2.7385,2.7,63420.0,-0.31
1230,2019-07-24,2.712,2.706,2.7205,2.698,50450.0,0.44
1231,2019-07-23,2.7,2.716,2.73,2.6875,65120.0,-0.81
1232,2019-07-22,2.722,2.753,2.7595,2.718,66570.0,-1.11
1233,2019-07-19,2.7525,2.7195,2.803,2.715,132640.0,1.57
1234,2019-07-18,2.71,2.701,2.7205,2.6925,51680.0,-0.22
1235,2019-07-17,2.716,2.695,2.717,2.682,54350.0,0.59
1236,2019-07-16,2.7,2.715,2.7355,2.694,67460.0,-0.41
1237,2019-07-15,2.711,2.6975,2.728,2.6855,60290.0,0.63
1238,2019-07-12,2.694,2.688,2.7145,2.6725,57600.0,0.24
1239,2019-07-11,2.6875,2.689,2.698,2.6785,62900.0,-0.24
1240,2019-07-10,2.694,2.628,2.6995,2.625,86280.0,2.63
1241,2019-07-09,2.625,2.6575,2.659,2.612,78230.0,-1.28
1242,2019-07-08,2.659,2.6695,2.689,2.6545,58270.0,-0.08
1243,2019-07-05,2.661,2.6845,2.6875,2.6445,69030.0,-0.71
1244,2019-07-04,2.68,2.685,2.687,2.67,0.0,-0.11
1245,2019-07-03,2.683,2.665,2.686,2.6365,52690.0,0.71
1246,2019-07-02,2.664,2.688,2.6965,2.6555,66390.0,-0.89
1247,2019-07-01,2.688,2.75,2.757,2.677,86270.0,-0.94
1248,2019-06-28,2.7135,2.721,2.728,2.7025,53970.0,-0.11
1249,2019-06-27,2.7165,2.7135,2.728,2.7,70430.0,0.04
1250,2019-06-26,2.7155,2.729,2.7525,2.7025,900.0,-0.77
1251,2019-06-25,2.7365,2.709,2.746,2.702,1130.0,1.11
1252,2019-06-24,2.7065,2.7045,2.7125,2.684,1480.0,0.04
1253,2019-06-21,2.7055,2.716,2.7195,2.688,1060.0,-0.26
1254,2019-06-20,2.7125,2.695,2.73,2.695,560.0,1.19
1255,2019-06-19,2.6805,2.7035,2.7075,2.6755,210.0,-0.81
1256,2019-06-18,2.7025,2.645,2.7105,2.645,570.0,2.15
1257,2019-06-17,2.6455,2.638,2.654,2.6195,690.0,0.55
1258,2019-06-14,2.631,2.648,2.648,2.6295,400.0,-1.02
1259,2019-06-13,2.658,2.6535,2.662,2.637,550.0,0.11
1260,2019-06-12,2.655,2.6715,2.6715,2.641,410.0,-0.67
1261,2019-06-11,2.673,2.6755,2.698,2.6675,460.0,0.39
1262,2019-06-10,2.6625,2.6405,2.6665,2.6395,360.0,1.25
1263,2019-06-07,2.6295,2.6505,2.6525,2.6045,430.0,-0.83
1264,2019-06-06,2.6515,2.6405,2.6505,2.636,240.0,1.03
1265,2019-06-05,2.6245,2.669,2.6735,2.6245,910.0,-1.7
1266,2019-06-04,2.67,2.657,2.6705,2.643,290.0,0.72
1267,2019-06-03,2.651,2.625,2.6555,2.6235,210.0,0.4
1268,2019-05-31,2.6405,2.6435,2.653,2.6355,520.0,-0.6
1269,2019-05-30,2.6565,2.671,2.6715,2.6435,410.0,-0.28
1270,2019-05-29,2.664,2.696,2.698,2.6585,60700.0,-1.19
1271,2019-05-28,2.696,2.701,2.718,2.6885,63390.0,-0.63
1272,2019-05-27,2.713,2.7,2.717,2.696,0.0,0.44
1273,2019-05-26,2.701,2.699,2.703,2.695,0.0,0.06
1274,2019-05-24,2.6995,2.6815,2.7085,2.6805,54240.0,0.71
1275,2019-05-23,2.6805,2.6755,2.689,2.6545,70820.0,0.09
1276,2019-05-22,2.678,2.715,2.719,2.67,65880.0,-1.36
1277,2019-05-21,2.715,2.7275,2.7425,2.7055,60840.0,-0.4
1278,2019-05-20,2.726,2.7325,2.7505,2.712,47180.0,-0.46
1279,2019-05-17,2.7385,2.748,2.753,2.721,55660.0,-0.35
1280,2019-05-16,2.748,2.7465,2.7775,2.738,60330.0,0.18
1281,2019-05-15,2.743,2.7225,2.7525,2.7155,68130.0,0.66
1282,2019-05-14,2.725,2.72,2.738,2.714,62620.0,0.22
1283,2019-05-13,2.719,2.768,2.7735,2.709,78970.0,-2.0
1284,2019-05-10,2.7745,2.7675,2.797,2.756,91460.0,0.11
1285,2019-05-09,2.7715,2.7695,2.778,2.731,89880.0,-0.11
1286,2019-05-08,2.7745,2.7875,2.81,2.76,94120.0,-0.39
1287,2019-05-07,2.7855,2.8275,2.841,2.7755,103410.0,-1.56
1288,2019-05-06,2.8295,2.799,2.8485,2.7415,89110.0,0.37
1289,2019-05-03,2.819,2.782,2.833,2.775,80320.0,1.42
1290,2019-05-02,2.7795,2.793,2.8065,2.7715,81050.0,-0.79
1291,2019-05-01,2.8015,2.9075,2.9135,2.7865,112250.0,-3.53
1292,2019-04-30,2.904,2.892,2.9235,2.88,64720.0,0.24
1293,2019-04-29,2.897,2.8935,2.907,2.873,70620.0,0.19
1294,2019-04-26,2.8915,2.864,2.8945,2.8625,1040.0,0.92
1295,2019-04-25,2.865,2.912,2.92,2.86,560.0,-1.66
1296,2019-04-24,2.9135,2.9005,2.9175,2.898,860.0,0.53
1297,2019-04-23,2.898,2.9085,2.915,2.8825,410.0,-0.24
1298,2019-04-22,2.905,2.9305,2.932,2.898,330.0,-0.45
1299,2019-04-19,2.918,2.918,2.918,2.918,0.0,-0.17
1300,2019-04-18,2.923,2.964,2.964,2.914,450.0,-1.58
1301,2019-04-17,2.97,2.9485,2.996,2.944,450.0,1.21
1302,2019-04-16,2.9345,2.939,2.9435,2.931,770.0,-0.14
1303,2019-04-15,2.9385,2.95,2.95,2.921,660.0,-0.37
1304,2019-04-12,2.9495,2.8995,2.955,2.8995,770.0,1.99
1305,2019-04-11,2.892,2.9245,2.929,2.89,360.0,-1.31
1306,2019-04-10,2.9305,2.935,2.9355,2.9205,110.0,-0.27
1307,2019-04-09,2.9385,2.9355,2.961,2.9335,400.0,0.05
1308,2019-04-08,2.937,2.9225,2.939,2.914,160.0,1.28
1309,2019-04-05,2.9,2.922,2.9245,2.8935,210.0,-0.51
1310,2019-04-04,2.915,2.949,2.954,2.91,250.0,-1.27
1311,2019-04-03,2.9525,2.911,2.9555,2.9105,350.0,1.44
1312,2019-04-02,2.9105,2.933,2.9395,2.9045,410.0,-0.61
1313,2019-04-01,2.9285,2.95,2.99,2.92,450.0,-0.37
1314,2019-03-29,2.9395,2.908,2.9435,2.903,270.0,2.17
1315,2019-03-28,2.877,2.8605,2.891,2.86,160.0,0.49
1316,2019-03-27,2.863,2.863,2.8755,2.8435,58230.0,0.32
1317,2019-03-26,2.854,2.8565,2.867,2.846,62770.0,-0.09
1318,2019-03-25,2.8565,2.843,2.8595,2.8345,68370.0,0.49
1319,2019-03-22,2.8425,2.9105,2.915,2.8395,103690.0,-2.19
1320,2019-03-21,2.906,2.9275,2.969,2.892,92470.0,-0.51
1321,2019-03-20,2.921,2.9195,2.942,2.9075,60260.0,-0.07
1322,2019-03-19,2.923,2.9125,2.944,2.908,63280.0,0.48
1323,2019-03-18,2.909,2.9095,2.9325,2.899,60300.0,0.1
1324,2019-03-15,2.906,2.889,2.9245,2.884,71260.0,0.5
1325,2019-03-14,2.8915,2.9325,2.9345,2.882,68740.0,-1.5
1326,2019-03-13,2.9355,2.9295,2.9395,2.9135,49400.0,0.24
1327,2019-03-12,2.9285,2.9065,2.957,2.905,68210.0,0.95
1328,2019-03-11,2.901,2.8915,2.9115,2.884,43180.0,0.26
1329,2019-03-08,2.8935,2.9145,2.9185,2.8745,66540.0,-0.58
1330,2019-03-07,2.9105,2.9265,2.929,2.8945,59930.0,-0.27
1331,2019-03-06,2.9185,2.9345,2.9445,2.9155,51450.0,-0.51
1332,2019-03-05,2.9335,2.911,2.9515,2.9075,61970.0,0.84
1333,2019-03-04,2.909,2.933,2.955,2.8965,70590.0,-0.78
1334,2019-03-01,2.932,2.9435,2.977,2.9225,75970.0,-0.54
1335,2019-02-28,2.948,2.967,2.968,2.939,70210.0,-0.49
1336,2019-02-27,2.9625,2.9495,2.9725,2.9345,73980.0,0.49
1337,2019-02-26,2.948,2.95,2.9595,2.9365,930.0,0.03
1338,2019-02-25,2.947,2.9485,2.9755,2.941,710.0,-0.07
1339,2019-02-22,2.949,2.9015,2.952,2.899,680.0,1.78
1340,2019-02-21,2.8975,2.91,2.914,2.891,640.0,-0.77
1341,2019-02-20,2.92,2.875,2.9235,2.875,360.0,1.48
1342,2019-02-19,2.8775,2.817,2.877,2.8095,180.0,1.39
1343,2019-02-18,2.838,2.816,2.848,2.803,0.0,0.78
1344,2019-02-17,2.816,2.815,2.817,2.811,0.0,0.48
1345,2019-02-15,2.8025,2.7725,2.823,2.762,150.0,0.86
1346,2019-02-14,2.7785,2.801,2.8015,2.76,190.0,0.09
1347,2019-02-13,2.776,2.787,2.787,2.77,50.0,0.04
1348,2019-02-12,2.775,2.791,2.795,2.7635,50.0,-0.64
1349,2019-02-11,2.793,2.8125,2.8125,2.7825,100.0,-0.75
1350,2019-02-08,2.814,2.8235,2.836,2.8125,270.0,-0.64
1351,2019-02-07,2.832,2.8415,2.851,2.83,320.0,-0.28
1352,2019-02-06,2.84,2.8265,2.848,2.8255,100.0,0.69
1353,2019-02-05,2.8205,2.805,2.8235,2.805,90.0,0.82
1354,2019-02-04,2.7975,2.7735,2.803,2.76,490.0,0.72
1355,2019-02-01,2.7775,2.7835,2.7845,2.766,280.0,-0.41
1356,2019-01-31,2.789,2.7785,2.7985,2.7765,350.0,0.61
1357,2019-01-30,2.772,2.7435,2.7865,2.7435,210.0,1.72
1358,2019-01-29,2.725,2.6805,2.7255,2.6785,66810.0,1.68
1359,2019-01-28,2.68,2.733,2.7335,2.676,77150.0,-1.8
1360,2019-01-25,2.729,2.645,2.737,2.6445,93390.0,3.2
1361,2019-01-24,2.6445,2.6535,2.664,2.6345,59050.0,-0.38
1362,2019-01-23,2.6545,2.663,2.6765,2.648,59250.0,-0.19
1363,2019-01-22,2.6595,2.715,2.7155,2.6505,92240.0,-0.84
1364,2019-01-21,2.682,2.709,2.71,2.675,0.0,-1.0
1365,2019-01-20,2.709,2.712,2.716,2.709,0.0,-0.37
1366,2019-01-18,2.719,2.697,2.727,2.6865,78070.0,1.46
1367,2019-01-17,2.68,2.6715,2.712,2.6585,65820.0,0.24
1368,2019-01-16,2.6735,2.641,2.68,2.636,72870.0,1.48
1369,2019-01-15,2.6345,2.63,2.664,2.63,65690.0,-0.02
1370,2019-01-14,2.635,2.6535,2.661,2.6165,69050.0,-1.01
1371,2019-01-11,2.662,2.635,2.667,2.6335,66900.0,0.93
1372,2019-01-10,2.6375,2.66,2.6705,2.629,71640.0,-0.73
1373,2019-01-09,2.657,2.6515,2.6865,2.6485,78680.0,0.04
1374,2019-01-08,2.656,2.638,2.658,2.6235,66000.0,0.72
1375,2019-01-07,2.637,2.65,2.6595,2.6315,57830.0,-0.4
1376,2019-01-04,2.6475,2.576,2.655,2.567,83280.0,3.1
1377,2019-01-03,2.568,2.6015,2.6205,2.543,88580.0,-2.1
1378,2019-01-02,2.623,2.642,2.675,2.5945,85020.0,-1.09
1379,2019-01-01,2.652,2.643,2.654,2.638,0.0,0.8
1380,2018-12-31,2.631,2.678,2.7035,2.6245,44010.0,-1.88
1381,2018-12-28,2.6815,2.6815,2.7255,2.671,53560.0,0.39
1382,2018-12-27,2.671,2.704,2.706,2.6695,270.0,-1.24
1383,2018-12-26,2.7045,2.654,2.7095,2.6535,110.0,1.63
1384,2018-12-25,2.661,2.664,2.671,2.649,0.0,-0.19
1385,2018-12-24,2.666,2.66,2.67,2.66,110.0,-0.39
1386,2018-12-21,2.6765,2.7,2.7105,2.675,100.0,-0.89
1387,2018-12-20,2.7005,2.6825,2.7045,2.657,220.0,-0.7
1388,2018-12-19,2.7195,2.6635,2.7205,2.6635,120.0,2.05
1389,2018-12-18,2.665,2.7425,2.75,2.656,210.0,-3.25
1390,2018-12-17,2.7545,2.748,2.752,2.7195,120.0,-0.25
1391,2018-12-14,2.7615,2.7595,2.762,2.7335,80.0,-0.18
1392,2018-12-13,2.7665,2.7885,2.8,2.767,170.0,-0.18
1393,2018-12-12,2.7715,2.7675,2.772,2.765,80.0,0.13
1394,2018-12-11,2.768,2.74,2.779,2.74,60.0,1.76
1395,2018-12-10,2.72,2.7315,2.7515,2.717,50.0,-1.43
1396,2018-12-07,2.7595,2.7545,2.7735,2.746,180.0,0.56
1397,2018-12-06,2.744,2.7645,2.7645,2.715,270.0,-1.12
1398,2018-12-05,2.775,2.7555,2.773,2.7555,420.0,0.65
1399,2018-12-04,2.757,2.805,2.814,2.7515,110.0,-1.83
1400,2018-12-03,2.8085,2.83,2.8505,2.79,70.0,0.79
1401,2018-11-30,2.7865,2.784,2.793,2.7745,70.0,-0.05
1402,2018-11-29,2.788,2.791,2.793,2.786,250.0,-0.61
1403,2018-11-28,2.805,2.725,2.808,2.725,1720.0,3.28
1404,2018-11-27,2.716,2.7575,2.758,2.719,1830.0,-1.72
1405,2018-11-26,2.7635,2.7745,2.787,2.75,1470.0,-0.38
1406,2018-11-23,2.774,2.7875,2.8045,2.759,410.0,-0.86
1407,2018-11-22,2.798,2.783,2.801,2.772,0.0,-0.09
1408,2018-11-21,2.8005,2.7655,2.8015,2.765,450.0,1.05
1409,2018-11-20,2.7715,2.7985,2.8415,2.757,900.0,-1.14
1410,2018-11-19,2.8035,2.78,2.8075,2.77,1160.0,0.0
1411,2018-11-16,2.8035,2.7595,2.806,2.7555,500.0,1.8
1412,2018-11-15,2.754,2.74,2.772,2.74,270.0,1.32
1413,2018-11-14,2.718,2.675,2.7195,2.675,200.0,0.85
1414,2018-11-13,2.695,2.678,2.753,2.671,240.0,0.39
1415,2018-11-12,2.6845,2.6925,2.705,2.68,260.0,-0.24
1416,2018-11-09,2.691,2.728,2.732,2.689,130.0,-1.88
1417,2018-11-08,2.7425,2.7325,2.744,2.7205,130.0,-0.67
1418,2018-11-07,2.761,2.742,2.774,2.742,130.0,0.78
1419,2018-11-06,2.7395,2.7645,2.768,2.737,230.0,-0.89
1420,2018-11-05,2.764,2.802,2.802,2.755,120.0,-1.74
1421,2018-11-02,2.813,2.7235,2.8205,2.7185,400.0,3.1
1422,2018-11-01,2.7285,2.672,2.731,2.666,300.0,2.31
1423,2018-10-31,2.667,2.6735,2.683,2.66,720.0,-0.21
1424,2018-10-30,2.6725,2.7235,2.736,2.672,320.0,-2.48
1425,2018-10-29,2.7405,2.747,2.78,2.69,83690.0,-0.02
1426,2018-10-26,2.741,2.7525,2.754,2.7075,99870.0,-0.49
1427,2018-10-25,2.7545,2.747,2.7735,2.7155,95140.0,-0.11
1428,2018-10-24,2.7575,2.761,2.804,2.743,81790.0,-0.02
1429,2018-10-23,2.758,2.778,2.785,2.739,89120.0,-0.99
1430,2018-10-22,2.7855,2.777,2.8335,2.7725,85470.0,0.27
1431,2018-10-19,2.778,2.7325,2.788,2.728,87970.0,1.15
1432,2018-10-18,2.7465,2.775,2.782,2.726,102090.0,-1.13
1433,2018-10-17,2.778,2.7815,2.8045,2.754,97050.0,-0.05
1434,2018-10-16,2.7795,2.7795,2.793,2.758,76620.0,-0.32
1435,2018-10-15,2.7885,2.8085,2.839,2.772,87160.0,-0.43
1436,2018-10-12,2.8005,2.7755,2.8325,2.7745,98630.0,-0.09
1437,2018-10-11,2.803,2.749,2.816,2.713,150780.0,0.81
1438,2018-10-10,2.7805,2.814,2.82,2.741,98410.0,-0.93
1439,2018-10-09,2.8065,2.7685,2.8185,2.7505,102480.0,1.43
1440,2018-10-08,2.767,2.7685,2.781,2.735,80900.0,0.14
1441,2018-10-05,2.763,2.7895,2.7945,2.7455,88550.0,-0.52
1442,2018-10-04,2.7775,2.823,2.8665,2.7715,97910.0,-1.99
1443,2018-10-03,2.834,2.8,2.8395,2.7965,81360.0,0.98
1444,2018-10-02,2.8065,2.7845,2.8525,2.76,101140.0,0.68
1445,2018-10-01,2.7875,2.801,2.8225,2.7555,92440.0,-0.62
1446,2018-09-28,2.805,2.774,2.813,2.763,97880.0,0.79
1447,2018-09-27,2.783,2.816,2.828,2.7635,98380.0,-1.26
1448,2018-09-26,2.8185,2.814,2.83,2.808,400.0,0.14
1449,2018-09-25,2.8145,2.82,2.832,2.794,720.0,-0.44
1450,2018-09-24,2.827,2.834,2.8565,2.816,380.0,-0.74
1451,2018-09-21,2.848,2.755,2.851,2.7445,2310.0,4.27
1452,2018-09-20,2.7315,2.721,2.7645,2.707,160.0,0.37
1453,2018-09-19,2.7215,2.7275,2.7415,2.715,710.0,-0.06
1454,2018-09-18,2.723,2.5925,2.728,2.5905,1030.0,3.01
1455,2018-09-17,2.6435,2.599,2.646,2.599,240.0,0.21
1456,2018-09-14,2.638,2.6845,2.6845,2.621,250.0,-1.42
1457,2018-09-13,2.676,2.6955,2.6985,2.6675,170.0,0.26
1458,2018-09-12,2.669,2.6035,2.678,2.6035,230.0,2.07
1459,2018-09-11,2.615,2.617,2.654,2.5795,80.0,-0.25
1460,2018-09-10,2.6215,2.6265,2.628,2.6185,40.0,0.21
1461,2018-09-07,2.616,2.6255,2.6415,2.609,100.0,-0.53
1462,2018-09-06,2.63,2.6155,2.656,2.6065,240.0,1.0
1463,2018-09-05,2.604,2.597,2.6145,2.5895,320.0,0.29
1464,2018-09-04,2.5965,2.6505,2.66,2.5755,830.0,-2.55
1465,2018-08-31,2.6645,2.6875,2.703,2.6565,650.0,-1.66
1466,2018-08-30,2.7095,2.723,2.7235,2.6805,2140.0,-0.37
1467,2018-08-29,2.7195,2.7345,2.7405,2.705,1450.0,-0.93
1468,2018-08-28,2.745,2.718,2.752,2.699,1050.0,1.03
1469,2018-08-27,2.717,2.705,2.727,2.702,290.0,0.31
1470,2018-08-24,2.7085,2.6495,2.7205,2.6495,450.0,1.75
1471,2018-08-23,2.662,2.6725,2.674,2.625,660.0,-0.67
1472,2018-08-22,2.68,2.6915,2.6945,2.66,360.0,-0.76
1473,2018-08-21,2.7005,2.674,2.708,2.674,220.0,0.97
1474,2018-08-20,2.6745,2.663,2.686,2.652,400.0,1.5
1475,2018-08-17,2.635,2.6245,2.6745,2.6085,290.0,0.46
1476,2018-08-16,2.623,2.5925,2.6425,2.575,320.0,2.14
1477,2018-08-15,2.568,2.69,2.69,2.566,560.0,-4.54
1478,2018-08-14,2.69,2.743,2.743,2.687,220.0,-1.75
1479,2018-08-13,2.738,2.7515,2.7625,2.7215,160.0,-0.44
1480,2018-08-10,2.75,2.774,2.774,2.7425,100.0,-0.81
1481,2018-08-09,2.7725,2.776,2.821,2.769,160.0,0.54
1482,2018-08-08,2.7575,2.761,2.7755,2.746,160.0,-0.05
1483,2018-08-07,2.759,2.733,2.771,2.733,210.0,0.75
1484,2018-08-06,2.7385,2.758,2.7615,2.7185,500.0,-1.19
1485,2018-08-03,2.7715,2.7375,2.788,2.7235,200.0,0.95
1486,2018-08-02,2.7455,2.759,2.764,2.7285,880.0,-0.42
1487,2018-08-01,2.757,2.8325,2.8325,2.7445,90.0,-2.94
1488,2018-07-31,2.8405,2.796,2.844,2.7785,130.0,1.41
1489,2018-07-30,2.801,2.8175,2.8175,2.781,190.0,-0.04
1490,2018-07-27,2.802,2.8075,2.835,2.781,83190.0,-0.57
1491,2018-07-26,2.818,2.8615,2.8645,2.8015,102280.0,0.02
1492,2018-07-25,2.8175,2.804,2.867,2.7935,102250.0,0.25
1493,2018-07-24,2.8105,2.742,2.835,2.7335,143290.0,2.33
1494,2018-07-23,2.7465,2.7515,2.7765,2.734,86560.0,-0.34
1495,2018-07-20,2.756,2.7175,2.761,2.6825,118940.0,2.24
1496,2018-07-19,2.6955,2.7655,2.7785,2.6735,148360.0,-2.34
1497,2018-07-18,2.76,2.7445,2.771,2.7155,106260.0,0.47
1498,2018-07-17,2.747,2.7655,2.7995,2.7415,90920.0,-0.63
1499,2018-07-16,2.7645,2.776,2.798,2.7445,84320.0,-0.4
1500,2018-07-13,2.7755,2.776,2.7885,2.7495,90760.0,-0.05
1501,2018-07-12,2.777,2.7505,2.792,2.731,110520.0,1.22
1502,2018-07-11,2.7435,2.83,2.8305,2.717,165560.0,-3.38
1503,2018-07-10,2.8395,2.87,2.8805,2.8135,98140.0,-0.37
1504,2018-07-09,2.85,2.8235,2.877,2.815,114510.0,0.92
1505,2018-07-06,2.824,2.8305,2.839,2.7825,128800.0,-0.07
1506,2018-07-05,2.826,2.935,2.9405,2.8205,208620.0,-3.12
1507,2018-07-03,2.917,2.945,2.9665,2.908,99940.0,-0.92
1508,2018-07-02,2.944,2.9695,2.973,2.921,91250.0,-0.74
1509,2018-06-29,2.966,2.97,2.997,2.958,87620.0,-0.19
1510,2018-06-28,2.9715,2.998,3.004,2.9515,112590.0,-0.87
1511,2018-06-27,2.9975,3.01,3.016,2.975,2240.0,-0.25
1512,2018-06-26,3.005,2.996,3.011,2.987,3970.0,0.22
1513,2018-06-25,2.9985,3.049,3.053,2.98,2520.0,-1.3
1514,2018-06-22,3.038,3.04,3.056,3.027,1740.0,0.18
1515,2018-06-21,3.0325,3.0545,3.0645,3.03,1200.0,-0.61
1516,2018-06-20,3.051,3.053,3.0755,3.0345,1830.0,-0.23
1517,2018-06-19,3.058,3.1375,3.141,3.049,1580.0,-1.91
1518,2018-06-18,3.1175,3.1455,3.155,3.11,240.0,-1.2
1519,2018-06-15,3.1555,3.2125,3.2225,3.144,620.0,-2.37
1520,2018-06-14,3.232,3.262,3.262,3.199,390.0,-0.97
1521,2018-06-13,3.2635,3.2545,3.2755,3.2355,200.0,0.12
1522,2018-06-12,3.2595,3.25,3.276,3.246,310.0,-0.21
1523,2018-06-11,3.2665,3.3075,3.3075,3.256,590.0,-1.31
1524,2018-06-08,3.31,3.2815,3.3125,3.266,390.0,0.78
1525,2018-06-07,3.2845,3.28,3.323,3.2715,520.0,0.38
1526,2018-06-06,3.272,3.209,3.2835,3.209,290.0,2.0
1527,2018-06-05,3.208,3.1385,3.254,3.1385,380.0,2.04
1528,2018-06-04,3.144,3.1035,3.15,3.102,100.0,1.14
1529,2018-06-01,3.1085,3.0775,3.108,3.0725,330.0,1.09
1530,2018-05-31,3.075,3.0955,3.0955,3.0575,160.0,-0.15
1531,2018-05-30,3.0795,3.05,3.082,3.0265,440.0,0.56
1532,2018-05-29,3.0625,3.081,3.1135,3.03,161460.0,-0.49
1533,2018-05-25,3.0775,3.102,3.117,3.069,89120.0,-0.6
1534,2018-05-24,3.096,3.069,3.1025,3.066,85710.0,0.83
1535,2018-05-23,3.0705,3.122,3.132,3.0485,125180.0,-1.96
1536,2018-05-22,3.132,3.1005,3.1485,3.088,112350.0,1.08
1537,2018-05-21,3.0985,3.065,3.1115,3.065,89590.0,1.14
1538,2018-05-18,3.0635,3.0835,3.091,3.0555,74730.0,-0.83
1539,2018-05-17,3.089,3.078,3.101,3.069,81080.0,0.6
1540,2018-05-16,3.0705,3.0605,3.08,3.044,77780.0,0.47
1541,2018-05-15,3.056,3.088,3.103,3.0345,103720.0,-1.2
1542,2018-05-14,3.093,3.111,3.131,3.0765,81000.0,-0.59
1543,2018-05-11,3.1115,3.1095,3.1265,3.1015,78010.0,0.05
1544,2018-05-10,3.11,3.061,3.118,3.052,113510.0,1.72
1545,2018-05-09,3.0575,3.0685,3.0695,3.04,82870.0,-0.05
1546,2018-05-08,3.059,3.0735,3.091,3.014,131180.0,-0.65
1547,2018-05-07,3.079,3.085,3.1045,3.0625,57380.0,-0.21
1548,2018-05-04,3.0855,3.0915,3.105,3.053,80790.0,0.16
1549,2018-05-03,3.0805,3.0635,3.1215,3.0565,110560.0,0.39
1550,2018-05-02,3.0685,3.051,3.088,3.0475,91640.0,1.02
1551,2018-05-01,3.0375,3.0705,3.085,3.0195,97580.0,-1.19
1552,2018-04-30,3.074,3.072,3.089,3.0575,66650.0,0.15
1553,2018-04-27,3.0695,3.14,3.146,3.052,108790.0,-1.82
1554,2018-04-26,3.1265,3.144,3.1505,3.1,1480.0,-0.62
1555,2018-04-25,3.146,3.1445,3.164,3.132,1590.0,-0.21
1556,2018-04-24,3.1525,3.1155,3.176,3.1115,620.0,1.03
1557,2018-04-23,3.1205,3.1395,3.169,3.09,660.0,-0.78
1558,2018-04-20,3.145,3.1385,3.156,3.1205,740.0,0.08
1559,2018-04-19,3.1425,3.17,3.2,3.128,950.0,-0.87
1560,2018-04-18,3.17,3.097,3.185,3.0915,1080.0,2.54
1561,2018-04-17,3.0915,3.108,3.1095,3.069,1020.0,-0.48
1562,2018-04-16,3.1065,3.074,3.126,3.074,520.0,0.79
1563,2018-04-13,3.082,3.082,3.1,3.073,450.0,0.26
1564,2018-04-12,3.074,3.1225,3.1245,3.057,400.0,-1.68
1565,2018-04-11,3.1265,3.1435,3.1565,3.116,320.0,-0.62
1566,2018-04-10,3.146,3.11,3.15,3.105,220.0,1.93
1567,2018-04-09,3.0865,3.0565,3.094,3.0565,320.0,0.57
1568,2018-04-06,3.069,3.044,3.0685,3.0435,140.0,-0.52
1569,2018-04-05,3.085,3.0345,3.089,3.033,580.0,2.12
1570,2018-04-04,3.021,3.075,3.075,2.9835,1460.0,-1.74
1571,2018-04-03,3.0745,3.051,3.076,3.051,450.0,0.44
1572,2018-04-02,3.061,3.051,3.0825,3.051,210.0,0.79
1573,2018-03-29,3.037,3.0395,3.055,3.03,110.0,0.78
1574,2018-03-28,3.0135,2.9985,3.0135,2.9835,830.0,0.43
1575,2018-03-27,3.0005,2.984,3.024,2.9775,109830.0,1.03
1576,2018-03-26,2.97,2.9795,3.002,2.9375,123570.0,-0.77
1577,2018-03-23,2.993,3.023,3.0305,2.9705,136920.0,-0.89
1578,2018-03-22,3.02,3.0785,3.089,3.003,125080.0,-1.26
1579,2018-03-21,3.0585,3.0385,3.093,3.015,119310.0,0.67
1580,2018-03-20,3.038,3.076,3.094,3.029,108990.0,-1.43
1581,2018-03-19,3.082,3.115,3.1155,3.058,92060.0,-0.82
1582,2018-03-16,3.1075,3.1265,3.1495,3.09,78950.0,-0.64
1583,2018-03-15,3.1275,3.1495,3.166,3.1075,79320.0,-0.98
1584,2018-03-14,3.1585,3.134,3.192,3.1265,113110.0,0.65
1585,2018-03-13,3.138,3.121,3.1445,3.1025,81590.0,0.45
1586,2018-03-12,3.124,3.147,3.1555,3.1095,89730.0,-0.38
1587,2018-03-09,3.136,3.078,3.147,3.0555,117780.0,1.85
1588,2018-03-08,3.079,3.135,3.1395,3.0705,94990.0,-1.82
1589,2018-03-07,3.136,3.155,3.1585,3.1175,92630.0,-0.73
1590,2018-03-06,3.159,3.1285,3.178,3.1265,83850.0,0.99
1591,2018-03-05,3.128,3.1325,3.1385,3.0955,79050.0,0.11
1592,2018-03-02,3.1245,3.1235,3.1455,3.1085,78420.0,0.05
1593,2018-03-01,3.123,3.1285,3.1475,3.098,110390.0,-0.3
1594,2018-02-28,3.1325,3.1835,3.186,3.1255,94830.0,-1.69
1595,2018-02-27,3.1865,3.2235,3.237,3.163,103010.0,-0.78
1596,2018-02-26,3.2115,3.2165,3.245,3.2025,3340.0,-0.36
1597,2018-02-23,3.223,3.244,3.244,3.2055,1180.0,-0.85
1598,2018-02-22,3.2505,3.207,3.2505,3.167,850.0,0.76
1599,2018-02-21,3.226,3.1935,3.234,3.182,420.0,0.77
1600,2018-02-20,3.2015,3.2815,3.2815,3.194,380.0,-1.73
1601,2018-02-16,3.258,3.255,3.275,3.245,380.0,0.11
1602,2018-02-15,3.2545,3.251,3.2575,3.23,240.0,0.29
1603,2018-02-14,3.245,3.16,3.2445,3.151,240.0,2.32
1604,2018-02-13,3.1715,3.09,3.176,3.09,170.0,2.42
1605,2018-02-12,3.0965,3.0585,3.099,3.058,240.0,1.74
1606,2018-02-09,3.0435,3.09,3.094,3.0425,80.0,-1.57
1607,2018-02-08,3.092,3.12,3.12,3.0725,200.0,-0.19
1608,2018-02-07,3.098,3.19,3.19,3.0985,230.0,-3.19
1609,2018-02-06,3.2,3.195,3.225,3.1935,160.0,-0.97
1610,2018-02-05,3.2315,3.1845,3.2625,3.184,130.0,1.05
1611,2018-02-02,3.198,3.222,3.253,3.1865,280.0,-0.68
1612,2018-02-01,3.22,3.2165,3.23,3.197,980.0,0.42
1613,2018-01-31,3.2065,3.2015,3.239,3.2015,180.0,0.22
1614,2018-01-30,3.1995,3.216,3.216,3.1825,240.0,0.17
1615,2018-01-29,3.194,3.2,3.2355,3.191,84800.0,-0.16
1616,2018-01-26,3.199,3.204,3.228,3.185,99410.0,-0.54
1617,2018-01-25,3.2165,3.23,3.258,3.196,130080.0,-0.37
1618,2018-01-24,3.2285,3.1185,3.2425,3.114,172470.0,3.78
1619,2018-01-23,3.111,3.1985,3.2125,3.108,173580.0,-2.74
1620,2018-01-22,3.1985,3.1865,3.2185,3.1795,85890.0,0.35
1621,2018-01-19,3.1875,3.201,3.234,3.18,94360.0,-0.36
1622,2018-01-18,3.199,3.192,3.216,3.184,84680.0,0.31
1623,2018-01-17,3.189,3.219,3.221,3.1785,96400.0,-0.95
1624,2018-01-16,3.2195,3.224,3.291,3.1835,230070.0,0.03
1625,2018-01-12,3.2185,3.2255,3.249,3.216,84100.0,-0.45
1626,2018-01-11,3.233,3.236,3.2565,3.2065,96620.0,-0.08
1627,2018-01-10,3.2355,3.2205,3.2745,3.2175,96990.0,0.61
1628,2018-01-09,3.216,3.2305,3.259,3.2125,99570.0,-0.25
1629,2018-01-08,3.224,3.2335,3.2455,3.2205,87800.0,-0.17
1630,2018-01-05,3.2295,3.2585,3.276,3.2225,84950.0,-1.03
1631,2018-01-04,3.263,3.257,3.298,3.245,105440.0,0.17
1632,2018-01-03,3.2575,3.2775,3.28,3.2365,104300.0,-0.63
1633,2018-01-02,3.278,3.2965,3.3095,3.2675,107290.0,-0.68
1634,2017-12-29,3.3005,3.3065,3.3145,3.26,105010.0,-0.24
1635,2017-12-28,3.3085,3.282,3.322,3.2695,111150.0,1.05
1636,2017-12-27,3.274,3.2645,3.2865,3.244,740.0,0.08
1637,2017-12-26,3.2715,3.2365,3.274,3.2225,170.0,1.3
1638,2017-12-22,3.2295,3.1875,3.2335,3.1875,170.0,0.61
1639,2017-12-21,3.21,3.184,3.208,3.175,360.0,0.72
1640,2017-12-20,3.187,3.1615,3.192,3.155,120.0,1.4
1641,2017-12-19,3.143,3.1245,3.146,3.11,100.0,0.18
1642,2017-12-18,3.1375,3.1355,3.1365,3.106,180.0,0.4
1643,2017-12-15,3.125,3.058,3.13,3.055,140.0,2.01
1644,2017-12-14,3.0635,3.0345,3.0725,3.0345,160.0,0.62
1645,2017-12-13,3.0445,3.0145,3.051,3.0135,270.0,1.0
1646,2017-12-12,3.0145,3.0045,3.015,2.995,170.0,0.37
1647,2017-12-11,3.0035,2.965,3.009,2.957,140.0,1.11
1648,2017-12-08,2.9705,2.9725,2.9815,2.964,70.0,0.49
1649,2017-12-07,2.956,2.961,2.9695,2.95,70.0,0.08
1650,2017-12-06,2.9535,2.9405,2.98,2.9405,260.0,0.54
1651,2017-12-05,2.9375,3.0905,3.091,2.9345,320.0,-4.66
1652,2017-12-04,3.081,3.096,3.103,3.079,120.0,-0.1
1653,2017-12-01,3.084,3.059,3.1065,3.059,250.0,0.93
1654,2017-11-30,3.0555,3.0815,3.0815,3.0565,370.0,-0.15
1655,2017-11-29,3.06,3.1,3.1015,3.0565,1090.0,-0.7
1656,2017-11-28,3.0815,3.139,3.139,3.075,2040.0,-1.93
1657,2017-11-27,3.142,3.181,3.182,3.13,440.0,-1.09
1658,2017-11-24,3.1765,3.139,3.1825,3.134,430.0,1.03
1659,2017-11-22,3.144,3.134,3.149,3.1295,610.0,0.27
1660,2017-11-21,3.1355,3.0955,3.1365,3.095,520.0,1.13
1661,2017-11-20,3.1005,3.08,3.101,3.059,640.0,0.81
1662,2017-11-17,3.0755,3.0605,3.08,3.047,270.0,0.64
1663,2017-11-16,3.056,3.063,3.0735,3.0495,110.0,-0.2
1664,2017-11-15,3.062,3.0635,3.0685,3.044,170.0,-0.36
1665,2017-11-14,3.073,3.1265,3.134,3.061,340.0,-1.63
1666,2017-11-13,3.124,3.091,3.14,3.08,280.0,1.31
1667,2017-11-10,3.0835,3.1005,3.1125,3.08,400.0,-0.32
1668,2017-11-09,3.0935,3.09,3.1,3.067,250.0,-0.42
1669,2017-11-08,3.1065,3.0985,3.113,3.0765,520.0,0.31
1670,2017-11-07,3.097,3.168,3.168,3.092,250.0,-2.15
1671,2017-11-06,3.165,3.1235,3.172,3.1235,210.0,1.28
1672,2017-11-03,3.125,3.149,3.1585,3.113,240.0,-0.81
1673,2017-11-02,3.1505,3.163,3.164,3.139,100.0,0.03
1674,2017-11-01,3.1495,3.15,3.1805,3.142,170.0,1.34
1675,2017-10-31,3.108,3.109,3.1265,3.103,70.0,-0.35
1676,2017-10-30,3.119,3.1065,3.119,3.106,190.0,0.5
1677,2017-10-27,3.1035,3.1785,3.1795,3.073,141960.0,-2.33
1678,2017-10-26,3.1775,3.1865,3.2,3.158,95890.0,-0.17
1679,2017-10-25,3.183,3.1985,3.203,3.144,105990.0,-0.47
1680,2017-10-24,3.198,3.185,3.239,3.182,109970.0,0.31
1681,2017-10-23,3.188,3.17,3.1895,3.152,86150.0,0.71
1682,2017-10-20,3.1655,3.172,3.2105,3.143,110760.0,-0.06
1683,2017-10-19,3.1675,3.1755,3.1865,3.138,96320.0,-0.33
1684,2017-10-18,3.178,3.2,3.216,3.171,119820.0,-0.55
1685,2017-10-17,3.1955,3.2425,3.243,3.1875,113640.0,-1.34
1686,2017-10-16,3.239,3.1335,3.2595,3.112,173730.0,3.37
1687,2017-10-13,3.1335,3.122,3.1425,3.1125,92660.0,0.43
1688,2017-10-12,3.12,3.0935,3.136,3.0835,94690.0,0.79
1689,2017-10-11,3.0955,3.064,3.0995,3.0525,107250.0,1.14
1690,2017-10-10,3.0605,3.0285,3.0705,3.0275,99230.0,0.97
1691,2017-10-09,3.031,3.0185,3.0365,3.012,77520.0,0.07
1692,2017-10-06,3.029,3.0405,3.056,3.018,67370.0,-0.57
1693,2017-10-05,3.0465,2.9565,3.05,2.954,85890.0,2.96
1694,2017-10-04,2.959,2.9575,2.972,2.947,45590.0,-0.15
1695,2017-10-03,2.9635,2.945,2.972,2.926,55300.0,0.27
1696,2017-10-02,2.9555,2.9585,2.99,2.9375,53500.0,0.02
1697,2017-09-29,2.955,2.9775,2.9925,2.9455,87850.0,-0.87
1698,2017-09-28,2.981,2.9255,2.99,2.905,136060.0,2.02
1699,2017-09-27,2.922,2.9105,2.939,2.9045,440.0,0.4
1700,2017-09-26,2.9105,2.9325,2.951,2.9,790.0,-0.67
1701,2017-09-25,2.93,2.9365,2.9365,2.9205,160.0,-0.24
1702,2017-09-22,2.937,2.907,2.934,2.89,90.0,0.36
1703,2017-09-21,2.9265,2.9355,2.9415,2.918,240.0,-1.2
1704,2017-09-20,2.962,2.977,2.977,2.955,440.0,-0.02
1705,2017-09-19,2.9625,2.9655,2.976,2.9595,190.0,0.0
1706,2017-09-18,2.9625,2.9785,2.98,2.9565,170.0,0.68
1707,2017-09-15,2.9425,2.9555,2.9565,2.927,260.0,-0.29
1708,2017-09-14,2.951,2.974,2.9745,2.9335,90.0,-0.81
1709,2017-09-13,2.975,2.994,2.994,2.969,130.0,-1.8
1710,2017-09-12,3.0295,3.045,3.045,3.0145,190.0,-1.0
1711,2017-09-11,3.06,3.04,3.072,3.04,80.0,0.79
1712,2017-09-08,3.036,3.114,3.114,3.03,300.0,-3.27
1713,2017-09-07,3.1385,3.149,3.149,3.115,580.0,-0.25
1714,2017-09-06,3.1465,3.13,3.1535,3.125,70.0,0.75
1715,2017-09-05,3.123,3.137,3.1615,3.1185,70.0,0.31
1716,2017-09-01,3.1135,3.1005,3.116,3.1005,180.0,0.63
